CustomerNo;ItemID_DE;EAN;ItemNo;ItemNameDE;SalesPrice_Customer;Kunde Staffel 1: ab Menge;Kunde Staffel 1: Netto-VK;Kunde Staffel 2: ab Menge;Kunde Staffel 2: Netto-VK;Kunde Staffel 3: ab Menge;Kunde Staffel 3: Netto-VK;Kunde Staffel 4: ab Menge;Kunde Staffel 4: Netto-VK;Kunde Staffel 5: ab Menge;Kunde Staffel 5: Netto-VK;Kunde Staffel 6: ab Menge;Kunde Staffel 6: Netto-VK;Kunde Staffel 7: ab Menge;Kunde Staffel 7: Netto-VK;Kunde Staffel 8: ab Menge;Kunde Staffel 8: Netto-VK;Kunde Staffel 9: ab Menge;Kunde Staffel 9: Netto-VK;Kunde Staffel 10: ab Menge;Kunde Staffel 10: Netto-VK
K054798;470;4283230070722;I012-01;Kreismesser  - 1.4116 - 120T - glatt - GT Classic - B05 - GT;11;100;10,5;200;10;;;;;;;;;;;;;;;;
K054798;2191;4283230949721;0012-0251;Fleischspießteller Ø 25cm Schlitz;9,2;;;;;;;;;;;;;;;;;;;;
K054843;32;4283230068620;0012-0001;Schleifstein für Kreismesser rosa 120x10x6mm;0,55;800;0,45;;;;;;;;;;;;;;;;;;
K011111;23;4251840915658;0013-1080;Kreismesser  - 1.4116 - 80C - glatt - 0013-1080  TG80-C - C01 - K011111;4,7;;;;;;;;;;;;;;;;;;;;
K011111;32;4283230068620;0012-0001;Schleifstein für Kreismesser rosa 120x10x6mm;0,25;;;;;;;;;;;;;;;;;;;;
K011111;187;4283230068828;0012-0002;Schleifstein für Kreismesser schwarz;0,7;;;;;;;;;;;;;;;;;;;;
K011111;470;4283230070722;I012-01;Kreismesser  - 1.4116 - 120T - glatt - GT Classic - B05 - GT;6,5;;;;;;;;;;;;;;;;;;;;
K011111;480;4283230070029;I008-02;Kreismesser  - 1.4116 - 100T - glatt - GT Classic - B05 - GT;6;;;;;;;;;;;;;;;;;;;;
K011111;618;4283230070623;4,28323E+12;Kreismesser Classic 80U glatt passend für CEYLAN, DOST 080, POTIS, Edelstahl rostfrei;5,2;;;;;;;;;;;;;;;;;;;;
K011111;677;4283230071323;0012-0089;Fleischspieß 89cm;8,7;;;;;;;;;;;;;;;;;;;;
K011111;679;4283230072528;0012-0195;Fleischspießteller Ø19.5cm;7,2;;;;;;;;;;;;;;;;;;;;
K011111;680;4283230071729;0012-0005;Fleischspießklammer Edelstahl;0,28;;;;;;;;;;;;;;;;;;;;
K011111;697;4283230070128;I008-01;Kreismesser  - 1.4116 - 120Tz - gezahnt - GT Classic - B05 - GT;7,5;;;;;;;;;;;;;;;;;;;;
K011111;702;4251840978721;0013-1081;Kreismesser  - 1.4116 - 80Cz - gezahnt - 0013-1081  TZ80-C - C01 - K011111;5,7;;;;;;;;;;;;;;;;;;;;
K011111;844;4283230069221;4,28323E+12;Kreismesser  - 1.4116 - 100Tz - gezahnt - GT Classic - B05 - GT;7;;;;;;;;;;;;;;;;;;;;
K011111;1852;4283230072320;0012-0120;Fleischspießteller Ø12cm;6,9;;;;;;;;;;;;;;;;;;;;
K011111;1853;4283230073228;0012-0150;Fleischspießteller Ø15cm;6,9;;;;;;;;;;;;;;;;;;;;
K011111;1854;4283230072429;0012-0250;Fleischspießteller Ø25cm;9,4;;;;;;;;;;;;;;;;;;;;
K011111;1855;4283230072221;0012-0300;Fleischspießteller Ø30cm;11;;;;;;;;;;;;;;;;;;;;
K011111;1857;4283230071125;0012-0069;Fleischspieß 69cm;8;;;;;;;;;;;;;;;;;;;;
K011111;2191;4283230949721;0012-0251;Fleischspießteller Ø 25cm Schlitz;9;;;;;;;;;;;;;;;;;;;;
K011111;2192;4283230289827;0012-0196;Fleischspießteller Ø 19.5cm Schlitz;6,8;;;;;;;;;;;;;;;;;;;;
K011111;2193;4283230289926;0012-0197;Fleischspießteller Ø 19.5cm Vierkantauschnitt;6,8;;;;;;;;;;;;;;;;;;;;
K011111;2377;4283230293626;S002-06;Steckverbinder Gerätestecker C14 Tafelmontage Klemmen, Sicherung;0,84;;;;;;;;;;;;;;;;;;;;
K011111;2508;4251840915689;0013-1090;Kreismesser  - 1.4116 - 90C - glatt - 0013-1090  TG90-C - B04 - K011111;5,9;;;;;;;;;;;;;;;;;;;;
K011111;2646;4283230267221;0013-1082;Kreismesser  - 1.4116 - 80Ck - Kerben - 0013-1082  TG80-CK - C01 - K011111;5,2;;;;;;;;;;;;;;;;;;;;
K011111;2647;4283230267528;0013-1091;Kreismesser  - 1.4116 - 90Cz - gezahnt - 0013-1091  TZ90-C - B04 - K011111;7;;;;;;;;;;;;;;;;;;;;
K011111;3627;4283230069726;4,28323E+12;Kreismesser  - 1.4116 - 100D - glatt - GT Classic - B05 - GT;6;;;;;;;;;;;;;;;;;;;;
K011111;3740;4283230069825;4,28323E+12;Kreismesser  - 1.4116 - 140P - glatt - GT Classic - B07 - GT;8,3;;;;;;;;;;;;;;;;;;;;
K011111;5691;4283230266521;0012-0026;Schalter ON-OFF Grün groß RL2-321/N-C-2-GR/BK-P1 - K011111;0,54;2000;54;;;;;;;;;;;;;;;;;;
K011111;5693;4251840916891;0013-2120;Kreismesser  - 1.4116 - 120T - glatt - 0013-2120  TG120-T - B05 - K011111;7,6;;;;;;;;;;;;;;;;;;;;
K011111;5916;4283230287120;0012-0021;Schleifstein für Kreismesser rosa 120x10x6mm 2 Stk in Einzelverpackung;0,8;;;;;;;;;;;;;;;;;;;;
K011111;6034;4283230071521;0012-0108;Fleischspieß 108cm;10,4;;;;;;;;;;;;;;;;;;;;
K011111;6252;4283230069122;4,28323E+12;Kreismesser  - 1.4116 - 120Dz - gezahnt - GT Classic - B05 - GT;7,5;;;;;;;;;;;;;;;;;;;;
K011111;6280;4251840916846;0013-4081;Kreismesser  - 1.4116 - 80Pz - gezahnt -  0013-4081  TZ80-P - B01- K011111;6,2;;;;;;;;;;;;;;;;;;;;
K011111;6281;4251840916839;0013-4080;Kreismesser  - 1.4116 - 80P - glatt - 0013-4080  TG80-P - B01 - K011111;5,2;;;;;;;;;;;;;;;;;;;;
K011111;6293;4283230070920;4,28323E+12;Kreismesser  - 1.4116 - 140T - glatt - GT Classic - B07 - GT;9,8;;;;;;;;;;;;;;;;;;;;
K011111;6295;4251840923158;0080-1081;Kreismesser  - 1.4112 - 80Cz - gezahnt -  0080-1081  TZ80-C - C02 - K011111;6,8;;;;;;;;;;;;;;;;;;;;
K011111;6296;4283230268426;0080-1080 in Box;Kreismesser  - 1.4112 - 80C - glatt -  0080-1080  TG80-C - X01 - K011111;5,8;;;;;;;;;;;;;;;;;;;;
K011111;6316;4283230068521;0012-0006;Schleifstein für Kreismesser rosa 120x10x6mm einzeln in Gewebeschutzschlauch;0,29;;;;;;;;;;;;;;;;;;;;
K011111;6319;4283230069320;4,28323E+12;Kreismesser  - 1.4112 - 90U - glatt - GT Premium - P02 - GT;6,3;;;;;;;;;;;;;;;;;;;;
K011111;6320;4251840923226;0080-4080;Kreismesser  - 1.4112 - 80P - glatt -  0080-4080  TG80-P - P01 - K011111;5,8;;;;;;;;;;;;;;;;;;;;
K011111;6344;4251840916914;0013-2121;Kreismesser  - 1.4116 - 120Tz - gezahnt -  0013-2121  TZ120-T - B05 - K011111;9,2;;;;;;;;;;;;;;;;;;;;
K011111;6345;4251840978950;0080-2121;Kreismesser  - 1.4112 - 120Tz - gezahnt -  0080-2121  TZ120-T - P07 - K011111;11;;;;;;;;;;;;;;;;;;;;
K011111;6346;4251840920799;0080-2120;Kreismesser  - 1.4112 - 120T - glatt -  0080-2120  TG120-T - P07 - K011111;9,5;;;;;;;;;;;;;;;;;;;;
K011111;6347;4283230268723;0080-2100;Kreismesser  - 1.4112 - 100T - glatt -  0080-2100  TG100-T - P07 - K011111;8,2;;;;;;;;;;;;;;;;;;;;
K011111;6348;4283230268822;0080-2101;Kreismesser  - 1.4112 - 100Tz - gezahnt - 0080-2101  TZ100-T - P07 - K011111;9,7;;;;;;;;;;;;;;;;;;;;
K011111;6349;4251840916877;0013-2100;Kreismesser  - 1.4116 - 100T - glatt - 0013-2100  TG100-T - B05 - K011111;6,9;;;;;;;;;;;;;;;;;;;;
K011111;6350;4251840916884;0013-2101;Kreismesser  - 1.4116 - 100Tz - gezahnt - 0013-2101  TZ100-T - B05 - K011111;7,9;;;;;;;;;;;;;;;;;;;;
K011111;6359;4283230268624;0080-1082;Kreismesser  - 1.4112 - 80Ck - Kerben - 0080-1082  TG80-CK - C02 - K011111;6,4;;;;;;;;;;;;;;;;;;;;
K011111;6537;4283230072023;4,28323E+12;Kreismesser  - 1.4112 - 80Uz - gezahnt - GT Premium - P01 - GT;7;;;;;;;;;;;;;;;;;;;;
K011111;6599;4251840980731;0080-4081;Kreismesser  - 1.4112 - 80Pz - gezahnt - 0080-4081  TZ80-P - P01 - K011111;7;;;;;;;;;;;;;;;;;;;;
K011111;6600;4251840978967;0080-5090;Kreismesser  - 1.4112 - 90P - glatt -  0080-5090 TG90-U - P02 - K011111;7;;;;;;;;;;;;;;;;;;;;
K011111;6906;4283230069528;I006-02;Kreismesser  - 1.4116 - 80U - glatt - GT Classic - B01 - GT;5;;;;;;;;;;;;;;;;;;;;
K011111;6907;4283230070326;4,28323E+12;Kreismesser  - 1.4116 - 80Uz - gezahnt - GT Classic - B01 - GT;6;;;;;;;;;;;;;;;;;;;;
K011111;6908;4283230071620;4,28323E+12;Kreismesser  - 1.4112 - 120Tz - gezahnt - GT Premium - P05 - GT;8,5;;;;;;;;;;;;;;;;;;;;
K011111;7042;4283230268228;0013-5090;Kreismesser  - 1.4116 - 90U - glatt -  0013-5090 TG90-U - B02 - K011111;5,9;;;;;;;;;;;;;;;;;;;;
K011111;7043;4251840978882;0013-5091;Kreismesser  - 1.4116 - 90Uz - gezahnt - 0013-5091  TZ90-U - B02 - K011111;7;;;;;;;;;;;;;;;;;;;;
K011111;7044;4283230071026;4,28323E+12;Kreismesser  - 1.4116 - 90U - glatt - GT Classic - B02 - GT;5,3;;;;;;;;;;;;;;;;;;;;
K011111;7045;4283230282828;I003-01;Kreismesser  - 1.4116 - 90Uz - gezahnt - GT Classic - B02 - GT;6,3;;;;;;;;;;;;;;;;;;;;
K011111;7247;4283230072122;4,28323E+12;Kreismesser  - 1.4112 - 100Tz - gezahnt - GT Premium - P05 - GT;8;;;;;;;;;;;;;;;;;;;;
K011111;7606;4283230969125;0012-0095;Fleischspieß 95cm;9;;;;;;;;;;;;;;;;;;;;
K011111;7607;4283230970121;0012-0301;Fleischspießteller Ø 30cm Schlitz;8,5;;;;;;;;;;;;;;;;;;;;
K011111;7608;4283230289728;0012-0351;Fleischspießteller Ø 35cm mit Schlitz;8,5;;;;;;;;;;;;;;;;;;;;
K011111;7610;4251840915672;0013-3090;Kreismesser  - 1.4116 - 90D - glatt -  0013-3090  TG90-D - B04 - K011111;5,9;;;;;;;;;;;;;;;;;;;;
K011111;7611;4251840907578;0013-3091;Kreismesser  - 1.4116 - 90Dz - gezahnt - 0013-3091  TZ90-D - B04 - K011111;7;;;;;;;;;;;;;;;;;;;;
K011111;7612;4283230968623;I005-01;Kreismesser  - 1.4112 - 120U - glatt - GT Premium - P03 - GT;7,8;;;;;;;;;;;;;;;;;;;;
K011111;7613;4283230164322;0080-1084;Kreismesser  - 1.4112 - 80Cb - Teflon - 0080-1084  TG80-CB - C02 - K011111;7,3;;;;;;;;;;;;;;;;;;;;
K011111;7615;4283230163929;0013-5080;Kreismesser  - 1.4116 - 80U - glatt -  0013-5080  TG80-U - B01 - K011111;5,2;;;;;;;;;;;;;;;;;;;;
K011111;7616;4251840980670;0013-5081;Kreismesser  - 1.4116 - 80Uz - gezahnt -  0013-5081   TZ80-U - B01 - K011111;6,2;;;;;;;;;;;;;;;;;;;;
K011111;7617;4251840973085;0013-4090;Kreismesser  - 1.4116 - 90P - glatt -  0013-4090  TG90-P - B02 - K011111;5,9;;;;;;;;;;;;;;;;;;;;
K011111;7618;4283230163622;0013-4091;Kreismesser  - 1.4116 - 90Pz - gezahnt -  0013-4091  TZ90-P - B02 - K011111;7;;;;;;;;;;;;;;;;;;;;
K011111;7619;4251840970640;0013-3100;Kreismesser  - 1.4116 - 100D - glatt -  0013-3100  TG100-D - B05 - K011111;6,9;;;;;;;;;;;;;;;;;;;;
K011111;7620;4251840970770;0013-3120;Kreismesser  - 1.4116 - 120D - glatt -  0013-3120  TG120-D - B05 - K011111;7,6;;;;;;;;;;;;;;;;;;;;
K011111;7621;4251840979247;0013-3121;Kreismesser  - 1.4116 - 120Dz - gezahnt -  0013-3121  TZ120-D - B05 - K011111;9,2;;;;;;;;;;;;;;;;;;;;
K011111;7622;4251840979186;0013-5120;Kreismesser  - 1.4116 - 120U - glatt - 0013-5120  TG120-U - B03 - K011111;7,6;;;;;;;;;;;;;;;;;;;;
K011111;7623;4251840979223;0013-5121;Kreismesser  - 1.4116 - 120Uz - gezahnt - 0013-5121  TZ120-U - B03 - K011111;9,2;;;;;;;;;;;;;;;;;;;;
K011111;7625;4251840980779;0080-5080;Kreismesser  - 1.4112 - 80U - glatt - 0080-5080  TG80-U - P01 - K011111;6,2;;;;;;;;;;;;;;;;;;;;
K011111;7626;4251840978974;0080-5081;Kreismesser  - 1.4112 - 80Uz - gezahnt - 0080-5081  TZ80-U - P01 - K011111;7,4;;;;;;;;;;;;;;;;;;;;
K011111;7627;4283230165428;0080-5091;Kreismesser  - 1.4112 - 90Pz - gezahnt - 0080-5091  TZ90-P - P02 - K011111;8,2;;;;;;;;;;;;;;;;;;;;
K011111;7628;4251840920782;0080-3090;Kreismesser  - 1.4112 - 90D - glatt - 0080-3090  TG90-D - P04 - K011111;7;;;;;;;;;;;;;;;;;;;;
K011111;7629;4283230164629;0080-3091;Kreismesser  - 1.4112 - 90Dz - gezahnt - 0080-3091  TZ90-D - P04 - K011111;8,2;;;;;;;;;;;;;;;;;;;;
K011111;7630;4283230164728;0080-3100;Kreismesser  - 1.4112 - 100D - glatt - 0080-3100  TG100-D - P05 - K011111;8,2;;;;;;;;;;;;;;;;;;;;
K011111;7631;4283230847621;0080-3101;Kreismesser  - 1.4112 - 100Dz - gezahnt - 0080-3101  TZ100-D - P05 - K011111;9,7;;;;;;;;;;;;;;;;;;;;
K011111;7632;4283230164926;0080-3120;Kreismesser  - 1.4112 - 120D - glatt - 0080-3120  TG120-D - P05 - K011111;9,5;;;;;;;;;;;;;;;;;;;;
K011111;7633;4283230165022;0080-3121;Kreismesser  - 1.4112 - 120Dz - gezahnt - 0080-3121  TZ120-D - P05 - K011111;11;;;;;;;;;;;;;;;;;;;;
K011111;7634;4251840978981;0080-5120;Kreismesser  - 1.4112 - 120U - glatt - 0080-5120  TG120-U - P03 - K011111;9,5;;;;;;;;;;;;;;;;;;;;
K011111;7635;4251840979230;0080-5121;Kreismesser  - 1.4112 - 120Uz - gezahnt - 0080-5121  TZ120-U - P03 - K011111;11;;;;;;;;;;;;;;;;;;;;
K011111;7636;4283230164421;0080-2140;Kreismesser  - 1.4112 - 140T - glatt -  0080-2140  TG140-T - B07 - K011111;11,5;;;;;;;;;;;;;;;;;;;;
K011111;7637;4251840918888;0080-4140;Kreismesser  - 1.4112 - 140P - glatt - 0080-4140  TG140-P - P08 - K011111;11,5;;;;;;;;;;;;;;;;;;;;
K011111;8866;4283230949820;4,28323E+12;Kreismesser  - 1.4112 - 90Uz - gezahnt - GT Premium - P02 - GT;7,2;;;;;;;;;;;;;;;;;;;;
K011111;8867;4283230949929;4,28323E+12;Kreismesser  - 1.4112 - 120Uz - gezahnt - GT Premium - P03 - GT;7,6;;;;;;;;;;;;;;;;;;;;
K011111;8868;4283230950024;I009-01;Kreismesser  - 1.4116 - 120U - glatt - GT Classic - B03 - GT;6,5;;;;;;;;;;;;;;;;;;;;
K011111;8869;4283230950123;4,28323E+12;Kreismesser  - 1.4116 - 120Uz - gezahnt - GT Classic - B03 - GT;7,5;;;;;;;;;;;;;;;;;;;;
K011111;8870;4283230950222;4,28323E+12;Kreismesser  - 1.4112 - 100D - glatt - GT Premium - P05 - GT;6,7;;;;;;;;;;;;;;;;;;;;
K011111;8871;4283230950321;4,28323E+12;Kreismesser  - 1.4112 - 120D - glatt - GT Premium - P05 - GT;6,5;;;;;;;;;;;;;;;;;;;;
K011111;8872;4283230950420;4,28323E+12;Kreismesser  - 1.4112 - 120Dz - gezahnt - GT Premium - P05 - GT;8,5;;;;;;;;;;;;;;;;;;;;
K011111;8873;4283230847928;4,28323E+12;Kreismesser  - 1.4112 - 140P - glatt - GT Premium - B07 - GT;11,5;;;;;;;;;;;;;;;;;;;;
K011111;8874;4283230960825;4,28323E+12;Kreismesser  - 1.4112 - 100T - glatt - GT Premium - P05 - GT;6,7;;;;;;;;;;;;;;;;;;;;
K011111;8876;4283230949226;4,28323E+12;Kreismesser  - 1.4112 - 140T - glatt - GT Premium - B07 - GT;9,8;;;;;;;;;;;;;;;;;;;;
K011111;8877;4283230949325;I001-04;Kreismesser  - 1.4112 - 120T - glatt - GT Premium - P05 - GT;7,8;;;;;;;;;;;;;;;;;;;;
K011111;8921;4283230847522;4,28323E+12;Kreismesser  - 1.4112 - 80U - glatt - GT Premium - P01 - GT;6;;;;;;;;;;;;;;;;;;;;
K011111;8923;4283230165527;0080-4120;Kreismesser  - 1.4112 - G120 - glatt - 0080-4120  TG120-P - P06 - K011111;9,5;;;;;;;;;;;;;;;;;;;;
K011111;8924;4283230165626;0080-4121;Kreismesser  - 1.4112 - Z120 - gezahnt - 0080-4121  TZ120-P - P06 - K011111;11;;;;;;;;;;;;;;;;;;;;
K011111;8926;4251840907547;0013-4082;Kreismesser  - 1.4116 - 80Pk - Kerben - 0013-4082  TK80-P - B01 - K011111;5,5;;;;;;;;;;;;;;;;;;;;
K011111;8934;4251840971029;0013-3101;Kreismesser  - 1.4116 - 100Dz - gezahnt - 0013-3101  TZ100-D - B05 - K011111;7,9;;;;;;;;;;;;;;;;;;;;
K011111;9451;4283230854124;4,28323E+12;Kreismesser  - 1.4112 - 120Ub - Teflon - GT Premium - P03 - GT;7,6;;;;;;;;;;;;;;;;;;;;
K011111;9452;4283230854421;4,28323E+12;Kreismesser  - 1.4112 - 80Ub - Teflon - GT Premium - P01 - GT;6,3;;;;;;;;;;;;;;;;;;;;
K011111;9453;4283230854322;4,28323E+12;Kreismesser  - 1.4112 - 80Uk - Kerben - GT Premium - P01 - GT;6,3;;;;;;;;;;;;;;;;;;;;
K011111;9454;4283230854223;4,28323E+12;Kreismesser  - 1.4112 - 120Uk -Kerben - GT Premium - P03 - GT;7,6;;;;;;;;;;;;;;;;;;;;
K011111;9455;4283230854520;4,28323E+12;Kreismesser  - 1.4112 - 90Uk - Kerben - GT Premium - P02 - GT;6,7;;;;;;;;;;;;;;;;;;;;
K011111;9456;4283230854629;4,28323E+12;Kreismesser  - 1.4112 - 90Ub - Teflon - GT Premium - P02 - GT;7,2;;;;;;;;;;;;;;;;;;;;
K011111;9457;4283230854728;I009-04;Kreismesser  - 1.4116 - 80Uk - Kerben - GT Classic - B01 - GT;5,5;;;;;;;;;;;;;;;;;;;;
K011111;9458;4283230854827;4,28323E+12;Kreismesser  - 1.4116 - 90Uk - Kerben - GT Classic - B02 - GT;5,8;;;;;;;;;;;;;;;;;;;;
K011111;9459;4283230854926;4,28323E+12;Kreismesser  - 1.4116 - 120Uk - Kerben - GT Classic - B03 - GT;7,6;;;;;;;;;;;;;;;;;;;;
K011111;9461;4283230855121;4,28323E+12;Kreismesser  - 1.4112 - 100Dz - gezahnt - GT Premium - P05 - GT;8;;;;;;;;;;;;;;;;;;;;
K011111;9462;4283230855220;GBL-4283230855220;Kreismesser  - 1.4116 - 100Dz - gezahnt - GT Classic - B05 - GT;6,7;;;;;;;;;;;;;;;;;;;;
K011111;9463;4283230855329;0080-4082;Kreismesser  - 1.4112 - 80Pk - Kerben - 0080-4082  TK80-P - P01 - K011111;5,5;;;;;;;;;;;;;;;;;;;;
K011111;9464;4283230855428;0080-1090;Kreismesser -  1.4112 - 90C - glatt - 0080-1090  TG 90-C - P04 - K011111;5,9;;;;;;;;;;;;;;;;;;;;
K011111;9465;4283230855527;0080-1091;Kreismesser  - 1.4112 - 90Cz - gezahnt - 0080-1091  TZ 90-C - P04 - K011111;7;;;;;;;;;;;;;;;;;;;;
K011111;9466;4283230855626;0080-4084;Kreismesser  - 1.4112 - 80Cb - Teflon - 0080-1084  TG 80-Cb - P01 - K011111;6,2;;;;;;;;;;;;;;;;;;;;
K011111;9467;4251840978820;0013-5082;Kreismesser -  1.4116 - 80Uk - Kerben - 0013-5082  TK-80U - B01 - K011111;5,2;;;;;;;;;;;;;;;;;;;;
K011111;9468;4283230836526;0080-5082;Kreismesser  - 1.4112 - 80Uk - Kerben - 0080-5082  TK80-U - P01 - K011111;6,2;;;;;;;;;;;;;;;;;;;;
K011111;9469;4283230836625;0080-5084;Kreismesser  - 1.4112 - 80Ub - Teflon - 00805084  TG80-Ub - P01 - K011111;6,2;;;;;;;;;;;;;;;;;;;;
K011111;9470;4283230855824;0013-4092;Kreismesser  - 1.4116 - 90Pk - Kerben - 0013-4092  TK-80P - B01 - K011111;5,9;;;;;;;;;;;;;;;;;;;;
K011111;9471;4283230855923;0080-4090;Kreismesser  - 1.4112 - 90P - glatt - 0080-4090  TG 90-P - P02 - K011111;5,9;;;;;;;;;;;;;;;;;;;;
K011111;9472;4283230826626;0080-4091;Kreismesser  - 1.4112 - 90Pz - gezahnt - 0080-4091  TZ 90-P - P02 - K011111;5,9;;;;;;;;;;;;;;;;;;;;
K011111;9473;4283230826725;0080-4092;Kreismesser  - 1.4112 - 90Pk - Kerben - 0080-4092  TK 90-P - P02 - K011111;5,9;;;;;;;;;;;;;;;;;;;;
K011111;9474;4283230826824;0080-4094;Kreismesser  - 1.4112 - 90Pb - Teflon - 0080-4094 TG 90-Pb - P02 - K011111;5,9;;;;;;;;;;;;;;;;;;;;
K011111;9475;4283230826527;0013-5092;Kreismesser  - 1.4116 - 90Uk - Kerben - 0013-5092  TK 90-U - B02 - K011111;5,9;;;;;;;;;;;;;;;;;;;;
K011111;9476;4283230826923;0080-5092;Kreismesser  - 1.4112 - 80Uk - Kerben - 0080-5092  TK 90-U - P02 - K011111;8,2;;;;;;;;;;;;;;;;;;;;
K011111;9477;4283230827029;0080-5094;Kreismesser  - 1.4112 - 80Ub - Teflon - 0080-5094  TG 80-Ub - P01 - K011111;8,2;;;;;;;;;;;;;;;;;;;;
K011111;9478;4283230826329;0013-4120;Kreismesser  - 1.4116 - G120 - glatt - 0013-4120 TG 120-P - B05 - K011111;9,5;;;;;;;;;;;;;;;;;;;;
K011111;9479;4283230826220;0013-4121;Kreismesser  - 1.4116 - Z120 - gezahnt - 0013-4121 TZ 120-P - B05 - K011111;9,5;;;;;;;;;;;;;;;;;;;;
K011111;9480;4283230826022;0013-4122;Kreismesser  - 1.4116 - K120 - Kerben - 0013-4122 TK120-P - B05 - K011111;9,5;;;;;;;;;;;;;;;;;;;;
K011111;9481;4283230826121;0080-4122;Kreismesser  - 1.4112 - K120 - Kerben - 0080-4122 TK 120-P - P06 - K011111;9,5;;;;;;;;;;;;;;;;;;;;
K011111;9482;4283230826428;0080-4124;Kreismesser  - 1.4112 - G120b - Teflon - 0080-4124 TG 120-Pb - P06 - K011111;9,5;;;;;;;;;;;;;;;;;;;;
K011111;9483;4251840979254;0013-5122;Kreismesser  - 1.4116 - 120Uk - Kerben - 0013-5122 TK 120-U - B03 - K011111;7,6;;;;;;;;;;;;;;;;;;;;
K011111;9484;4283230827227;0080-5122;Kreismesser  - 1.4112 - 120Uk - Kerben - 0080-5122  TK 120-U - P03 - K011111;9,5;;;;;;;;;;;;;;;;;;;;
K011111;9485;4283230837028;0080-5124;Kreismesser  - 1.4112 - 120Ub - Teflon - 0080-5124  TG 120-Ub - P03 - K011111;9,5;;;;;;;;;;;;;;;;;;;;
K011111;9828;4283230827524;0080-1080;Kreismesser  - 1.4112 - 80C - glatt -  0080-1080  TG80-C - C02 - K011111;5,8;;;;;;;;;;;;;;;;;;;;
K011111;9832;4283230827920;0003-1080;Kreismesser - 420J2 - 80C - glatt - 0003-1080 ECU - F01 - K011111;4,2;;;;;;;;;;;;;;;;;;;;
K011111;9833;4283230828026;0003-1081;Kreismesser - 420J2 - 80Cz - gezahnt - 0003-1081 ECU - F01 - K011111;5,2;;;;;;;;;;;;;;;;;;;;
K011111;9834;4283230828125;0003-4080;Kreismesser - 420J2 - 80P - glatt - 0003-4080 ECU - F01 - K011111;4,5;;;;;;;;;;;;;;;;;;;;
K011111;9835;4283230828224;0003-4081;Kreismesser - 420J2 - 80Pz - gezahnt - 0003-4081 ECU - F01 - K011111;5,5;;;;;;;;;;;;;;;;;;;;
K011111;9836;4283230828323;0003-2120;Kreismesser - 420J2 - 120T - glatt - 0003-2120 ECU - F04 - K011111;7,1;;;;;;;;;;;;;;;;;;;;
K011111;9837;4283230828422;0003-2121;Kreismesser - 420J2 - 120Tz - gezahnt - 0003-2121 ECU - F04 - K011111;8,1;;;;;;;;;;;;;;;;;;;;
K011111;10754;4283230828620;0003-3090;Kreismesser - 420J2 - 90D - glatt - 0003-3090 ECU - F02 - K011111;4,5;;;;;;;;;;;;;;;;;;;;
K011111;10964;4283230834225;4,28323E+12;Kreismesser  - 1.4112 - 140Pk - Kerben - GT Premium - B07 - GT;10,8;;;;;;;;;;;;;;;;;;;;
K011111;12322;4283230505323;0012-2030;Topband Motor 3570 30V - K011111;49,57;;;;;;;;;;;;;;;;;;;;
K011111;12343;7891590167333;0012-0109;Potis Spieß GD5 108cm;10,4;;;;;;;;;;;;;;;;;;;;
K054813;187;4283230068828;0012-0002;Schleifstein für Kreismesser schwarz;0,89;;;;;;;;;;;;;;;;;;;;
K054813;677;4283230071323;0012-0089;Fleischspieß 89cm;8,8;;;;;;;;;;;;;;;;;;;;
K054813;679;4283230072528;0012-0195;Fleischspießteller Ø19.5cm;8,2;;;;;;;;;;;;;;;;;;;;
K054813;1853;4283230073228;0012-0150;Fleischspießteller Ø15cm;7,7;;;;;;;;;;;;;;;;;;;;
K054813;6034;4283230071521;0012-0108;Fleischspieß 108cm;12;;;;;;;;;;;;;;;;;;;;
K055555;32;4283230068620;0012-0001;Schleifstein für Kreismesser rosa 120x10x6mm;0,28;;;;;;;;;;;;;;;;;;;;
K055555;677;4283230071323;0012-0089;Fleischspieß 89cm;9;;;;;;;;;;;;;;;;;;;;
K055555;679;4283230072528;0012-0195;Fleischspießteller Ø19.5cm;7,8;;;;;;;;;;;;;;;;;;;;
K055555;1852;4283230072320;0012-0120;Fleischspießteller Ø12cm;7,2;;;;;;;;;;;;;;;;;;;;
K055555;1853;4283230073228;0012-0150;Fleischspießteller Ø15cm;7,5;;;;;;;;;;;;;;;;;;;;
K055555;1854;4283230072429;0012-0250;Fleischspießteller Ø25cm;9,4;;;;;;;;;;;;;;;;;;;;
K055555;1855;4283230072221;0012-0300;Fleischspießteller Ø30cm;11;;;;;;;;;;;;;;;;;;;;
K055555;1857;4283230071125;0012-0069;Fleischspieß 69cm;8,3;;;;;;;;;;;;;;;;;;;;
K055555;2191;4283230949721;0012-0251;Fleischspießteller Ø 25cm Schlitz;9,2;;;;;;;;;;;;;;;;;;;;
K055555;6034;4283230071521;0012-0108;Fleischspieß 108cm;10,8;;;;;;;;;;;;;;;;;;;;
K055555;6316;4283230068521;0012-0006;Schleifstein für Kreismesser rosa 120x10x6mm einzeln in Gewebeschutzschlauch;0,36;;;;;;;;;;;;;;;;;;;;
K055555;7606;4283230969125;0012-0095;Fleischspieß 95cm;9,4;;;;;;;;;;;;;;;;;;;;
K055555;8921;4283230847522;4,28323E+12;Kreismesser  - 1.4112 - 80U - glatt - GT Premium - P01 - GT;5,3;;;;;;;;;;;;;;;;;;;;
K022222;32;4283230068620;0012-0001;Schleifstein für Kreismesser rosa 120x10x6mm;0,37;1600;0,34;;;;;;;;;;;;;;;;;;
K022222;187;4283230068828;0012-0002;Schleifstein für Kreismesser schwarz;0,89;;;;;;;;;;;;;;;;;;;;
K022222;470;4283230070722;I012-01;Kreismesser  - 1.4116 - 120T - glatt - GT Classic - B05 - GT;9,42;;;;;;;;;;;;;;;;;;;;
K022222;480;4283230070029;I008-02;Kreismesser  - 1.4116 - 100T - glatt - GT Classic - B05 - GT;8,14;;;;;;;;;;;;;;;;;;;;
K022222;677;4283230071323;0012-0089;Fleischspieß 89cm;10,14;;;;;;;;;;;;;;;;;;;;
K022222;679;4283230072528;0012-0195;Fleischspießteller Ø19.5cm;8,57;;;;;;;;;;;;;;;;;;;;
K022222;680;4283230071729;0012-0005;Fleischspießklammer Edelstahl;0,32;10;0,3;;;;;;;;;;;;;;;;;;
K022222;697;4283230070128;I008-01;Kreismesser  - 1.4116 - 120Tz - gezahnt - GT Classic - B05 - GT;11,25;;;;;;;;;;;;;;;;;;;;
K022222;844;4283230069221;4,28323E+12;Kreismesser  - 1.4116 - 100Tz - gezahnt - GT Classic - B05 - GT;9,74;;;;;;;;;;;;;;;;;;;;
K022222;1852;4283230072320;0012-0120;Fleischspießteller Ø12cm;7,5;;;;;;;;;;;;;;;;;;;;
K022222;1853;4283230073228;0012-0150;Fleischspießteller Ø15cm;8,03;;;;;;;;;;;;;;;;;;;;
K022222;1854;4283230072429;0012-0250;Fleischspießteller Ø25cm;10,28;;;;;;;;;;;;;;;;;;;;
K022222;1855;4283230072221;0012-0300;Fleischspießteller Ø30cm;11,78;;;;;;;;;;;;;;;;;;;;
K022222;1857;4283230071125;0012-0069;Fleischspieß 69cm;8,47;;;;;;;;;;;;;;;;;;;;
K022222;2191;4283230949721;0012-0251;Fleischspießteller Ø 25cm Schlitz;10,3;;;;;;;;;;;;;;;;;;;;
K022222;2192;4283230289827;0012-0196;Fleischspießteller Ø 19.5cm Schlitz;8,35;;;;;;;;;;;;;;;;;;;;
K022222;2193;4283230289926;0012-0197;Fleischspießteller Ø 19.5cm Vierkantauschnitt;8,14;;;;;;;;;;;;;;;;;;;;
K022222;3627;4283230069726;4,28323E+12;Kreismesser  - 1.4116 - 100D - glatt - GT Classic - B05 - GT;8,14;;;;;;;;;;;;;;;;;;;;
K022222;3628;4283230069429;4,28323E+12;Kreismesser  - 1.4116 - 120D - glatt - GT Classic - B05 - GT;7,5;;;;;;;;;;;;;;;;;;;;
K022222;3740;4283230069825;4,28323E+12;Kreismesser  - 1.4116 - 140P - glatt - GT Classic - B07 - GT;10,71;;;;;;;;;;;;;;;;;;;;
K022222;5916;4283230287120;0012-0021;Schleifstein für Kreismesser rosa 120x10x6mm 2 Stk in Einzelverpackung;1,03;;;;;;;;;;;;;;;;;;;;
K022222;5918;4283230287328;0012-0004;Sonderanfertigung Schleifstein Abziehstein Kombi 200*50*25mm Grün-Schwarz 600#/120# Körnung;3,05;;;;;;;;;;;;;;;;;;;;
K022222;6034;4283230071521;0012-0108;Fleischspieß 108cm;12,67;;;;;;;;;;;;;;;;;;;;
K022222;6252;4283230069122;4,28323E+12;Kreismesser  - 1.4116 - 120Dz - gezahnt - GT Classic - B05 - GT;11,25;;;;;;;;;;;;;;;;;;;;
K022222;6254;4283230071422;0012-0034;Diamant-Schärfwerkzeug Handschleifer auf Karton, K011111;3,91;;;;;;;;;;;;;;;;;;;;
K022222;6293;4283230070920;4,28323E+12;Kreismesser  - 1.4116 - 140T - glatt - GT Classic - B07 - GT;10,71;1;11,7;;;;;;;;;;;;;;;;;;
K022222;6316;4283230068521;0012-0006;Schleifstein für Kreismesser rosa 120x10x6mm einzeln in Gewebeschutzschlauch;0,36;;;;;;;;;;;;;;;;;;;;
K022222;6319;4283230069320;4,28323E+12;Kreismesser  - 1.4112 - 90U - glatt - GT Premium - P02 - GT;8,03;;;;;;;;;;;;;;;;;;;;
K022222;6537;4283230072023;4,28323E+12;Kreismesser  - 1.4112 - 80Uz - gezahnt - GT Premium - P01 - GT;8,76;;;;;;;;;;;;;;;;;;;;
K022222;6906;4283230069528;I006-02;Kreismesser  - 1.4116 - 80U - glatt - GT Classic - B01 - GT;6,43;;;;;;;;;;;;;;;;;;;;
K022222;6907;4283230070326;4,28323E+12;Kreismesser  - 1.4116 - 80Uz - gezahnt - GT Classic - B01 - GT;7,82;;;;;;;;;;;;;;;;;;;;
K022222;6908;4283230071620;4,28323E+12;Kreismesser  - 1.4112 - 120Tz - gezahnt - GT Premium - P05 - GT;12,67;;;;;;;;;;;;;;;;;;;;
K022222;7044;4283230071026;4,28323E+12;Kreismesser  - 1.4116 - 90U - glatt - GT Classic - B02 - GT;7,07;;;;;;;;;;;;;;;;;;;;
K022222;7045;4283230282828;I003-01;Kreismesser  - 1.4116 - 90Uz - gezahnt - GT Classic - B02 - GT;8,47;;;;;;;;;;;;;;;;;;;;
K022222;7247;4283230072122;4,28323E+12;Kreismesser  - 1.4112 - 100Tz - gezahnt - GT Premium - P05 - GT;10,92;;;;;;;;;;;;;;;;;;;;
K022222;7606;4283230969125;0012-0095;Fleischspieß 95cm;10,51;;;;;;;;;;;;;;;;;;;;
K022222;7607;4283230970121;0012-0301;Fleischspießteller Ø 30cm Schlitz;11,57;;;;;;;;;;;;;;;;;;;;
K022222;7608;4283230289728;0012-0351;Fleischspießteller Ø 35cm mit Schlitz;13,39;;;;;;;;;;;;;;;;;;;;
K022222;7612;4283230968623;I005-01;Kreismesser  - 1.4112 - 120U - glatt - GT Premium - P03 - GT;10,92;;;;;;;;;;;;;;;;;;;;
K022222;8866;4283230949820;4,28323E+12;Kreismesser  - 1.4112 - 90Uz - gezahnt - GT Premium - P02 - GT;9,58;;;;;;;;;;;;;;;;;;;;
K022222;8867;4283230949929;4,28323E+12;Kreismesser  - 1.4112 - 120Uz - gezahnt - GT Premium - P03 - GT;12,67;;;;;;;;;;;;;;;;;;;;
K022222;8868;4283230950024;I009-01;Kreismesser  - 1.4116 - 120U - glatt - GT Classic - B03 - GT;9,42;;;;;;;;;;;;;;;;;;;;
K022222;8869;4283230950123;4,28323E+12;Kreismesser  - 1.4116 - 120Uz - gezahnt - GT Classic - B03 - GT;11,25;;;;;;;;;;;;;;;;;;;;
K022222;8870;4283230950222;4,28323E+12;Kreismesser  - 1.4112 - 100D - glatt - GT Premium - P05 - GT;9,27;;;;;;;;;;;;;;;;;;;;
K022222;8871;4283230950321;4,28323E+12;Kreismesser  - 1.4112 - 120D - glatt - GT Premium - P05 - GT;10,92;;;;;;;;;;;;;;;;;;;;
K022222;8872;4283230950420;4,28323E+12;Kreismesser  - 1.4112 - 120Dz - gezahnt - GT Premium - P05 - GT;12,67;;;;;;;;;;;;;;;;;;;;
K022222;8873;4283230847928;4,28323E+12;Kreismesser  - 1.4112 - 140P - glatt - GT Premium - B07 - GT;14,42;;;;;;;;;;;;;;;;;;;;
K022222;8874;4283230960825;4,28323E+12;Kreismesser  - 1.4112 - 100T - glatt - GT Premium - P05 - GT;9,27;;;;;;;;;;;;;;;;;;;;
K022222;8876;4283230949226;4,28323E+12;Kreismesser  - 1.4112 - 140T - glatt - GT Premium - B07 - GT;14,42;1;11,7;;;;;;;;;;;;;;;;;;
K022222;8877;4283230949325;I001-04;Kreismesser  - 1.4112 - 120T - glatt - GT Premium - P05 - GT;10,92;;;;;;;;;;;;;;;;;;;;
K022222;8921;4283230847522;4,28323E+12;Kreismesser  - 1.4112 - 80U - glatt - GT Premium - P01 - GT;7,52;;;;;;;;;;;;;;;;;;;;
K022222;9451;4283230854124;4,28323E+12;Kreismesser  - 1.4112 - 120Ub - Teflon - GT Premium - P03 - GT;12,88;;;;;;;;;;;;;;;;;;;;
K022222;9452;4283230854421;4,28323E+12;Kreismesser  - 1.4112 - 80Ub - Teflon - GT Premium - P01 - GT;8,76;;;;;;;;;;;;;;;;;;;;
K022222;9453;4283230854322;4,28323E+12;Kreismesser  - 1.4112 - 80Uk - Kerben - GT Premium - P01 - GT;8,24;;;;;;;;;;;;;;;;;;;;
K022222;9454;4283230854223;4,28323E+12;Kreismesser  - 1.4112 - 120Uk -Kerben - GT Premium - P03 - GT;11,85;;;;;;;;;;;;;;;;;;;;
K022222;9455;4283230854520;4,28323E+12;Kreismesser  - 1.4112 - 90Uk - Kerben - GT Premium - P02 - GT;8,76;;;;;;;;;;;;;;;;;;;;
K022222;9456;4283230854629;4,28323E+12;Kreismesser  - 1.4112 - 90Ub - Teflon - GT Premium - P02 - GT;9,48;;;;;;;;;;;;;;;;;;;;
K022222;9457;4283230854728;I009-04;Kreismesser  - 1.4116 - 80Uk - Kerben - GT Classic - B01 - GT;7,28;;;;;;;;;;;;;;;;;;;;
K022222;9458;4283230854827;4,28323E+12;Kreismesser  - 1.4116 - 90Uk - Kerben - GT Classic - B02 - GT;7,82;;;;;;;;;;;;;;;;;;;;
K022222;9459;4283230854926;4,28323E+12;Kreismesser  - 1.4116 - 120Uk - Kerben - GT Classic - B03 - GT;10,18;;;;;;;;;;;;;;;;;;;;
K022222;9462;4283230855220;GBL-4283230855220;Kreismesser  - 1.4116 - 100Dz - gezahnt - GT Classic - B05 - GT;9,64;;;;;;;;;;;;;;;;;;;;
K022222;10964;4283230834225;4,28323E+12;Kreismesser  - 1.4112 - 140Pk - Kerben - GT Premium - B07 - GT;15,45;;;;;;;;;;;;;;;;;;;;
K082776;32;4283230068620;0012-0001;Schleifstein für Kreismesser rosa 120x10x6mm;0,29;;;;;;;;;;;;;;;;;;;;
K082776;5623;4283230131928;D01.27.02;Kreismesser  - 1.4116 - 80P - glatt - POTIS EcoLine - F01;4,9;;;;;;;;;;;;;;;;;;;;
K082776;6316;4283230068521;0012-0006;Schleifstein für Kreismesser rosa 120x10x6mm einzeln in Gewebeschutzschlauch;0,34;;;;;;;;;;;;;;;;;;;;
K082776;6326;4283230176325;G80-100693;Kreismesser  - 1.4112 - G80 - glatt - UYAR-100693 - F01 - K033333;6,1;;;;;;;;;;;;;;;;;;;;
K082776;6911;4283230280428;G90-100694;Kreismesser  - 1.4112 - G90 - glatt - UYAR-100694 - F02 - K033333;7,2;;;;;;;;;;;;;;;;;;;;
K082776;8892;4283230857323;G100-100695;Kreismesser  - 1.4112 - G100 - glatt - UYAR-100695 - F03 - K033333;8,4;;;;;;;;;;;;;;;;;;;;
K082776;8893;4283230857422;G120-100696;Kreismesser  - 1.4112 - G120 - glatt - UYAR-100696 - F04 - K033333;9,8;;;;;;;;;;;;;;;;;;;;
K082776;8894;4283230857521;GT80-100484;Kreismesser  - 1.4112 - GT80 - Teflon - UYAR-100484 - F01 - K033333;7,6;;;;;;;;;;;;;;;;;;;;
K082776;8895;4283230857620;GT90-100485;Kreismesser  - 1.4112 - GT90 - Teflon - UYAR-100485 - F02 - K033333;8,7;;;;;;;;;;;;;;;;;;;;
K082776;8896;4283230857729;GT100-100495;Kreismesser  - 1.4112 - GT100 - Teflon - UYAR-100495 - F03 - K033333;10,2;;;;;;;;;;;;;;;;;;;;
K082776;8897;4283230857828;GT120-100496;Kreismesser  - 1.4112 - GT120 - Teflon - UYAR-100496 - F04 - K033333;11,8;;;;;;;;;;;;;;;;;;;;
K082776;8898;4283230857927;Z80-100497;Kreismesser  - 1.4112 - Z80 - gezahnt - UYAR-100497 - F01 - K033333;7,6;;;;;;;;;;;;;;;;;;;;
K082776;8899;4283230948229;Z90-100498;Kreismesser  - 1.4112 - Z90 - gezahnt - UYAR-100498 - F02 - K033333;8,9;;;;;;;;;;;;;;;;;;;;
K082776;8900;4283230948328;Z100-100499;Kreismesser  - 1.4112 - Z100 - gezahnt - UYAR-100499 - F03 - K033333;10,3;;;;;;;;;;;;;;;;;;;;
K082776;8901;4283230948427;Z120-100500;Kreismesser  - 1.4112 - Z120 - gezahnt - UYAR-100500 - F04 - K033333;12,2;;;;;;;;;;;;;;;;;;;;
K082776;8902;4283230948526;G80-100816;Kreismesser  - 1.4112 - G80 glatt - EMINP-100816 - F01 - K033333;6,1;;;;;;;;;;;;;;;;;;;;
K082776;8903;4283230948625;G90-100818;Kreismesser  - 1.4112 - G90 - glatt - EMINP-100818 - F02 - K033333;7,2;;;;;;;;;;;;;;;;;;;;
K082776;8904;4283230948724;G100-100820;Kreismesser  - 1.4112 - G100 - glatt - EMINP-100820 - F03 - K033333;8,4;;;;;;;;;;;;;;;;;;;;
K082776;8905;4283230948823;G120-100822;Kreismesser  - 1.4112 - G120 - glatt - EMINP-100822 - F04 - K033333;9,8;;;;;;;;;;;;;;;;;;;;
K082776;8906;4283230948922;G120-100775;Kreismesser  - 1.4112 - G120 - glatt - POTIS MT12020 - F04 - K033333;9,8;;;;;;;;;;;;;;;;;;;;
K082776;8907;4283230949028;Z120-100777;Kreismesser   - 1.4112 - Z120 - gezahnt - POTIS MT12030 - F04 - K033333;12,2;;;;;;;;;;;;;;;;;;;;
K082776;8930;4283230846624;Z80-100848;Kreismesser  - 1.4112 - Z80 - gezahnt - EMINP-100848 - F01 - K033333;7,6;;;;;;;;;;;;;;;;;;;;
K082776;8931;4283230846723;Z90-100850;Kreismesser  - 1.4112 - Z90 - gezahnt - EMINP-100850 - F02 - K033333;8,9;;;;;;;;;;;;;;;;;;;;
K082776;8932;4283230846822;Z100-100852;Kreismesser  - 1.4112 - Z100 - gezahnt - EMINP-100852 - F03 - K033333;10,3;;;;;;;;;;;;;;;;;;;;
K082776;8933;4283230846921;Z120-100854;Kreismesser  - 1.4112 - Z120 - gezahnt - EMINP-100854 - F04 - K033333;12,2;;;;;;;;;;;;;;;;;;;;
K082776;8935;4283230847324;G80-100727;Kreismesser  - 1.4112 - G80 - glatt - unbeschriftet - F01 - K033333;6,1;;;;;;;;;;;;;;;;;;;;
K082776;8936;4283230847423;G90-100728;Kreismesser  - 1.4112 - G90 - glatt - unbeschriftet - F02 - K033333;7,2;;;;;;;;;;;;;;;;;;;;
K082776;8937;4283230847225;G100-100729;Kreismesser  - 1.4112 - G100 - glatt - unbeschriftet - F03 - K033333;8,4;;;;;;;;;;;;;;;;;;;;
K082776;8938;4283230847126;G120-100730;Kreismesser  - 1.4112 - G120 - glatt - unbeschriftet - F04 - K033333;9,8;;;;;;;;;;;;;;;;;;;;
K082776;9827;4283230403421;D01.27.02 in Box;Kreismesser  - 1.4116 - 80P - glatt - POTIS EcoLine - X01 - K033333;4,9;;;;;;;;;;;;;;;;;;;;
K082776;9829;4283230827623;G80-100816 in Box;Kreismesser  - 1.4112 - G80 glatt - EMINP-100816 - X01 - K033333;6,1;;;;;;;;;;;;;;;;;;;;
K082776;9830;4283230827722;G80-100727 in Box;Kreismesser  - 1.4112 - G80 - glatt - unbeschriftet - X01 - K033333;6,1;;;;;;;;;;;;;;;;;;;;
K082776;9831;4283230827821;G80-100693 in Box;Kreismesser  - 1.4112 - G80 - glatt - UYAR-100693 - X01 - K033333;6,1;;;;;;;;;;;;;;;;;;;;
K082776;10936;4283230831125;Z80-100491;Kreismesser - 1.4112 - Z80 - gezahnt - unbeschriftet - 25 Stk in X01 - K033333;7,6;;;;;;;;;;;;;;;;;;;;
K082776;10937;4283230831323;Z90-100492;Kreismesser  - 1.4112 - Z90 - gezahnt - unbeschriftet - 25 Stk auf P07 - K033333;8,9;;;;;;;;;;;;;;;;;;;;
K082776;10938;4283230833020;Z100-100493;Kreismesser  - 1.4112 - Z100 - gezahnt - unbeschriftet - 25 Stk auf B07 - K033333;10,3;;;;;;;;;;;;;;;;;;;;
K082776;10939;4283230833327;Z120-100494;Kreismesser  - 1.4112 - Z120 - gezahnt - unbeschriftet - 25 Stk auf B07 - K033333;12,2;;;;;;;;;;;;;;;;;;;;
K054866;739;4283230032522;F018-11;Wellenkupplung Alu flex mit Klemmnabe D25L30 Ø8 auf Ø10mm;3,23;1;3,5;100;3,15;;;;;;;;;;;;;;;;
K054866;4058;4283230954725;C006-02;Schrittmotor 57er 57HS76 Bipolar;0;1;16;100;13,5;;;;;;;;;;;;;;;;
K054866;5675;4283230991928;L002-03;Handrad für Ø8mm Welle, silbern;2,98;1;3,1;100;2,9;;;;;;;;;;;;;;;;
K054866;6292;4283230281425;PRO-4283230281425;Handrad Schrittmotor 57er 8mm Schwarz Projektartikel;2,9;1;3,1;100;2,9;;;;;;;;;;;;;;;;
K054866;6315;4283230281524;PRO-4283230281524;Wellenkupplung Alu flexibel DIN912 Schraube D25L30 8 auf 10mm Projekt;3,15;1;3,5;100;3,15;;;;;;;;;;;;;;;;
K055652;2745;4283230966629;D004-03;Flanschkupplung mit Gewindebohrung M8;0,95;;;;;;;;;;;;;;;;;;;;
K075198;470;4283230070722;I012-01;Kreismesser  - 1.4116 - 120T - glatt - GT Classic - B05 - GT;7;;;;;;;;;;;;;;;;;;;;
K075198;6906;4283230069528;I006-02;Kreismesser  - 1.4116 - 80U - glatt - GT Classic - B01 - GT;4,5;;;;;;;;;;;;;;;;;;;;
K075198;6907;4283230070326;4,28323E+12;Kreismesser  - 1.4116 - 80Uz - gezahnt - GT Classic - B01 - GT;5,5;;;;;;;;;;;;;;;;;;;;
K066666;12328;4283230506023;P-NT-GD-GF-BA-001;Press Gas Kappe Messing 16mm beschriftet P, Dichtring HNBR-gelb, 480 Stk / Karton, K066666;2,73;1000;2,73;2500;2,64;5000;2,56;10000;2,49;;;;;;;;;;;;
K066666;12329;4283230506122;P-NT-GD-GF-BA-002;Press Gas Übergangsmuffe Messing 16 x 1/2'', beschriftet P, Dichtring HNBR-gelb, K066666;2,98;1000;2,98;2500;2,89;5000;2,8;10000;2,72;;;;;;;;;;;;
K066666;12341;4251910701167;POT-KON-0120;Kondensator MKP 0,12 uF ?12 × 25 mm mit 10 cm Kabel 630 VDC 400 VAC - K066666;;5000;1,19;10000;1,14;25000;1,1;50000;1,05;;;;;;;;;;;;
K066666;12342;4283230507426;BG-PT0078;Baugruppe Gasanschlussrohr 16 x 1.5 mit Bohrungen  DIN 10305-4, Messingteile aufgepresst, P ausgerichtet K066666;0;10;12,72;1000;11,56;;;;;;;;;;;;;;;;
K066666;12348;4283230508126;POT-KON-0220;Kondensator MKT72 220nF (0,22uF)/630V - K066666;;1;1,25;5000;1,03;10000;0,99;25000;0,95;;;;;;;;;;;;
K066666;12351;7892181020655;MON-BAU;Montage Baugruppe GAS - K066666;1,05;1000;1,05;2500;0,98;5000;0,91;10000;0,85;;;;;;;;;;;;
