23,Y,0,1,0
32,Y,4800,6,6900
87,Y,6,6,15
88,Y,4,6,5
89,Y,8,6,9
90,Y,7,6,7
91,Y,9,6,12
93,Y,10,6,15
94,Y,18,6,16
95,Y,48,6,58
96,Y,4,6,8
97,Y,12,6,17
99,Y,61,3,84
100,Y,57,3,68
101,Y,90,3,81
102,Y,12,3,16
103,Y,83,6,83
105,Y,32,3,31
106,Y,14,3,17
107,Y,74,3,113
108,Y,18,3,26
109,Y,38,6,38
111,Y,65,6,79
112,Y,34,6,47
113,Y,16,6,19
114,Y,0,3,9
116,Y,10,3,19
117,Y,39,3,49
118,Y,28,3,43
119,Y,34,6,67
120,Y,7,6,13
121,Y,11,6,27
123,Y,0,3,24
124,Y,8,6,9
125,Y,10,6,80
126,Y,17,6,21
127,Y,4,6,13
128,Y,4,6,11
130,Y,7,6,11
131,Y,18,6,21
132,Y,0,6,36
133,Y,13,6,18
134,Y,5,6,9
135,Y,0,6,24
138,Y,126,6,135
139,Y,65,6,114
140,Y,25,6,95
141,Y,134,6,216
142,Y,97,6,109
143,Y,178,6,270
144,Y,47,6,75
145,Y,18,6,79
146,Y,9,6,18
147,Y,9,6,49
149,Y,130,6,158
150,Y,64,3,99
151,Y,45,3,51
152,Y,23,3,32
153,Y,10,3,65
154,Y,34,6,25
155,Y,122,3,149
156,Y,79,3,85
157,Y,37,3,23
158,Y,13,3,14
159,Y,4,3,12
160,Y,22,6,21
162,Y,35,3,69
163,Y,56,3,67
164,Y,52,3,55
165,Y,9,3,34
166,Y,146,3,186
167,Y,57,3,74
168,Y,50,3,79
169,Y,21,3,25
170,Y,87,3,124
171,Y,39,3,47
172,Y,14,3,40
173,Y,35,3,49
174,Y,38,3,42
175,Y,42,3,51
187,Y,0,1,0
193,Y,0,3,0
196,Y,50,6,55
198,Y,38,6,49
200,Y,0,5,106
201,Y,43,5,45
202,Y,7,5,52
203,Y,31,5,38
204,Y,54,5,63
205,Y,9,5,16
206,Y,34,5,45
207,Y,14,5,15
208,Y,0,5,17
210,Y,112,3,189
211,Y,108,3,147
212,Y,106,3,334
215,Y,35,3,38
216,Y,78,3,109
226,Y,0,1,86
228,Y,0,1,9
231,N,0,6,0
234,Y,0,6,95
235,Y,0,6,147
237,Y,0,3,26
238,Y,0,5,8
240,Y,0,1,18
241,Y,23,6,96
268,Y,66,3,105
269,Y,116,3,124
270,N,0,3,0
338,Y,24,5,53
339,Y,9,3,32
340,Y,32,3,50
341,Y,13,3,18
342,Y,4,3,27
343,Y,7,3,0
344,Y,7,3,11
345,Y,48,3,62
346,Y,7,3,13
347,Y,0,3,38
348,Y,20,3,24
349,Y,8,3,16
350,Y,83,3,124
351,Y,25,3,119
353,Y,14,3,21
354,Y,22,3,41
356,Y,50,6,49
357,Y,23,1,19
359,Y,32,6,41
360,Y,64,1,58
361,Y,42,1,46
363,Y,42,6,43
364,Y,36,6,35
365,Y,138,6,166
366,Y,122,6,147
367,Y,104,6,133
369,Y,10,6,18
370,Y,10,6,14
371,Y,6,6,15
372,Y,12,6,22
373,Y,9,6,15
374,Y,20,6,24
375,Y,10,6,14
376,Y,0,6,3
377,Y,10,6,11
378,Y,18,5,13
379,Y,0,5,34
380,Y,14,5,5
381,Y,6,5,39
382,Y,70,5,99
383,Y,0,5,0
384,Y,13,5,39
385,Y,0,5,0
386,Y,0,5,53
387,Y,0,5,29
388,Y,5,5,50
389,Y,0,5,11
390,Y,14,3,19
391,Y,26,3,29
392,Y,10,3,12
393,Y,8,3,25
394,Y,16,3,27
395,Y,0,3,94
396,Y,8,3,10
397,Y,28,3,29
398,Y,7,3,8
399,Y,7,3,9
400,Y,35,3,35
401,Y,15,3,18
402,Y,81,3,119
403,Y,6,3,9
404,Y,0,3,0
405,Y,0,3,0
406,Y,0,3,0
407,Y,0,3,0
410,N,0,1,1
411,N,0,1,0
415,Y,6,3,20
416,Y,9,3,67
418,Y,95,6,112
419,Y,85,1,84
420,Y,11,1,13
451,Y,0,5,7
452,Y,0,3,40
454,Y,0,5,63
455,Y,0,3,199
456,Y,0,6,6
458,N,0,3,0
459,N,0,3,0
463,N,0,3,0
464,N,0,3,0
465,N,0,3,0
466,N,0,1,0
470,Y,1504,1,1354
473,Y,0,1,0
474,Y,0,1,0
480,Y,356,1,626
488,Y,59,1,100
489,Y,31,1,276
491,Y,0,3,10
492,Y,0,3,42
493,Y,0,3,7
494,Y,0,3,55
495,N,0,3,0
496,N,0,3,0
497,N,0,3,0
498,N,0,3,0
499,Y,0,3,27
618,N,0,1,0
620,Y,44,3,73
621,Y,60,3,114
622,Y,33,3,46
623,Y,20,3,47
624,Y,27,3,72
625,Y,41,3,60
626,Y,47,3,70
627,Y,35,3,37
628,Y,4,3,44
629,Y,0,6,38
631,Y,0,6,42
649,Y,40,5,43
650,Y,16,5,18
651,Y,31,5,47
652,Y,11,5,35
653,Y,34,5,50
654,Y,12,5,19
655,Y,0,5,79
656,Y,10,5,54
657,Y,26,5,31
658,Y,10,5,27
659,Y,33,5,37
660,Y,6,5,22
662,Y,51,5,75
663,Y,70,5,80
664,Y,31,5,36
665,Y,28,5,28
666,Y,39,5,51
667,Y,19,5,65
668,Y,41,5,51
669,Y,14,5,89
671,Y,60,5,81
672,Y,38,5,54
673,Y,5,5,19
674,Y,59,5,79
675,Y,32,5,50
676,Y,57,5,63
677,Y,0,1,408
679,Y,0,1,160
680,Y,400,6,0
681,Y,0,1,0
682,Y,0,1,0
683,Y,0,1,0
684,Y,0,1,0
685,Y,0,1,0
686,Y,0,1,0
697,Y,291,1,583
702,Y,0,1,0
713,Y,0,6,1
714,Y,0,6,0
715,Y,2,6,6
716,Y,23,6,52
717,Y,0,6,0
718,Y,0,6,4
719,Y,4,6,16
720,Y,0,6,0
721,Y,8,6,16
722,Y,7,6,10
724,Y,0,3,11
725,Y,0,6,14
726,Y,2,6,12
727,Y,7,6,28
728,Y,6,6,13
729,Y,11,6,19
730,Y,0,6,0
731,Y,0,6,8
732,Y,0,6,4
733,Y,0,6,14
734,Y,0,6,4
735,Y,5,6,14
736,Y,0,6,11
737,Y,4,6,5
738,Y,12,6,14
739,Y,26,6,26
740,Y,12,6,19
742,Y,25,6,82
743,Y,4,6,14
744,Y,7,6,15
746,Y,27,3,34
747,Y,50,3,58
748,Y,7,3,10
750,Y,0,1,37
751,N,0,1,0
752,N,0,1,0
753,N,0,1,0
754,Y,0,1,6
755,Y,0,3,6
757,N,0,1,0
758,N,0,1,0
759,N,0,1,0
760,N,0,1,0
761,Y,0,1,1
762,Y,22,1,34
763,Y,6,6,37
784,Y,0,5,2
785,Y,0,5,1
786,Y,0,5,1
787,Y,0,5,2
788,Y,0,5,2
789,Y,0,5,2
790,Y,0,5,3
791,Y,0,5,14
793,Y,25,3,35
794,Y,0,3,46
795,Y,11,3,16
796,Y,7,3,7
797,Y,0,3,60
799,Y,9,5,20
800,Y,7,5,28
801,Y,0,5,0
802,Y,11,5,11
803,Y,9,3,29
804,Y,10,5,9
805,Y,8,3,13
806,Y,10,5,7
807,Y,0,3,3
808,Y,7,5,19
809,Y,14,5,33
810,Y,22,5,25
811,Y,12,3,29
812,Y,9,3,9
813,Y,20,3,23
814,Y,15,3,19
815,Y,20,3,27
816,Y,0,1,0
819,Y,0,1,1
828,Y,62,3,62
829,Y,68,3,36
830,Y,41,3,64
831,Y,80,3,61
833,N,0,1,0
834,Y,0,1,9
835,N,0,6,0
836,Y,0,1,5
837,N,0,1,0
838,Y,0,1,1
839,N,0,1,0
840,N,0,1,0
841,N,0,1,0
842,Y,0,1,4
844,Y,55,1,0
1852,Y,74,6,42
1853,Y,199,6,24
1854,Y,68,1,0
1855,Y,39,1,40
1857,Y,99,1,0
1875,Y,0,3,0
1889,Y,14,3,115
1907,Y,0,3,24
1909,Y,0,3,37
1911,Y,0,3,42
1913,Y,0,3,34
1918,N,0,6,0
1919,Y,0,6,16
1920,Y,0,6,27
1921,Y,0,6,11
1922,Y,0,6,23
1923,Y,0,6,30
1929,Y,0,3,1
1930,Y,0,3,6
1931,Y,0,3,12
1932,Y,0,5,38
1933,Y,0,5,4
1936,Y,0,6,1
1937,Y,0,6,4
1938,Y,0,6,12
1939,Y,0,6,12
1941,Y,59,6,64
1942,Y,105,6,134
1944,Y,0,6,0
1945,Y,0,6,14
1946,Y,17,6,25
1947,Y,7,3,15
1948,Y,6,3,14
1949,Y,26,3,28
1950,Y,10,3,19
1951,Y,28,3,46
1955,Y,55,3,78
1956,Y,38,3,42
1957,Y,89,3,64
1958,Y,130,3,104
1959,Y,124,3,118
1960,Y,118,3,34
1961,Y,81,3,116
1962,Y,22,3,31
1963,Y,26,3,28
1964,Y,69,3,85
1989,N,0,6,0
1990,N,0,6,0
1991,N,0,6,0
1992,Y,0,5,5
1993,Y,0,3,1
1994,Y,0,3,33
1996,Y,0,3,35
1997,Y,0,3,39
1998,Y,0,3,52
1999,Y,0,3,8
2000,Y,0,3,12
2001,Y,0,3,17
2029,Y,37,5,40
2030,Y,48,5,92
2031,Y,79,5,57
2034,Y,28,5,55
2035,Y,9,5,27
2036,Y,0,5,75
2037,Y,71,5,79
2038,Y,20,3,59
2039,Y,7,5,9
2040,Y,18,5,29
2041,Y,48,5,67
2042,Y,97,3,64
2043,Y,0,3,0
2052,Y,47,3,56
2053,Y,18,3,20
2054,Y,0,6,11
2094,Y,35,3,113
2095,Y,28,3,35
2096,Y,10,3,11
2097,Y,22,3,40
2098,Y,22,3,31
2099,Y,10,3,11
2100,Y,0,3,9
2101,Y,12,3,18
2102,Y,10,3,16
2103,Y,13,3,20
2104,Y,13,3,13
2105,Y,2,3,11
2106,Y,6,3,7
2107,Y,0,3,1
2108,Y,19,6,21
2109,Y,24,3,19
2110,Y,14,3,18
2111,Y,14,3,22
2112,Y,18,3,18
2113,Y,10,3,17
2114,Y,10,6,17
2115,Y,7,6,16
2116,Y,42,6,54
2117,Y,8,3,27
2118,Y,38,3,39
2119,Y,0,3,12
2120,Y,0,3,1
2121,Y,7,3,11
2122,Y,5,3,10
2123,Y,10,3,14
2124,Y,29,3,23
2125,Y,7,3,11
2126,Y,24,3,24
2127,Y,17,3,14
2128,Y,10,3,11
2129,Y,10,6,11
2130,Y,4,6,10
2131,Y,0,6,18
2132,Y,36,6,49
2153,Y,18,6,26
2154,Y,0,6,17
2156,Y,15,6,20
2157,Y,0,6,0
2159,Y,4,6,6
2160,Y,0,6,1
2162,Y,0,6,8
2163,Y,0,6,49
2165,Y,9,3,8
2166,Y,0,6,6
2168,Y,21,3,35
2169,Y,0,6,9
2172,Y,28,3,40
2173,Y,100,6,103
2174,Y,83,6,116
2175,Y,58,6,87
2176,Y,10,6,24
2177,Y,0,6,21
2178,Y,37,3,38
2179,Y,33,6,40
2180,Y,70,6,83
2181,Y,4,6,7
2182,Y,20,6,20
2183,Y,2,6,20
2185,Y,7,6,21
2186,Y,39,6,42
2187,Y,25,6,30
2188,Y,41,6,59
2189,Y,35,6,39
2190,Y,26,3,30
2191,Y,18,1,0
2192,Y,74,3,0
2193,Y,10,6,0
2197,Y,14,1,22
2198,Y,22,1,18
2342,Y,15,5,46
2343,Y,6,5,35
2344,Y,200,5,235
2345,Y,200,5,211
2346,Y,19,3,28
2347,Y,9,3,68
2348,Y,10,3,10
2349,Y,22,3,38
2350,Y,20,3,34
2351,Y,6,3,14
2352,Y,44,6,34
2353,Y,6,6,9
2354,Y,20,6,28
2355,Y,0,6,0
2356,Y,11,5,17
2357,Y,200,3,251
2358,Y,10,3,12
2359,Y,7,6,9
2360,Y,5,3,9
2361,Y,0,6,9
2362,Y,0,6,4
2363,Y,47,3,58
2364,Y,200,3,265
2365,Y,54,3,68
2366,Y,35,3,49
2367,Y,11,3,11
2368,Y,46,6,46
2369,Y,26,6,32
2372,Y,0,6,67
2373,Y,0,6,4
2375,Y,0,6,113
2376,Y,0,6,141
2377,Y,0,6,73
2378,Y,0,6,102
2379,Y,0,6,182
2380,Y,0,6,227
2419,Y,14,6,15
2420,Y,22,6,41
2421,Y,30,6,35
2422,Y,7,6,12
2423,Y,66,6,92
2424,Y,22,6,41
2425,Y,14,6,18
2426,Y,28,6,106
2427,Y,17,6,16
2428,Y,57,6,70
2429,Y,49,6,55
2433,Y,5,6,21
2434,Y,12,6,15
2435,Y,0,6,36
2443,N,0,3,0
2444,N,0,3,0
2456,Y,0,6,30
2457,Y,0,6,0
2458,Y,0,6,0
2459,Y,0,6,0
2460,Y,0,6,9
2461,Y,0,6,49
2462,Y,0,6,125
2463,Y,0,6,38
2508,Y,0,1,0
2509,Y,0,1,39
2510,Y,0,6,15
2515,Y,0,5,29
2531,Y,80,5,76
2532,Y,33,5,160
2533,Y,68,3,80.5
2535,Y,0,1,13
2536,Y,4,1,4
2537,Y,12,1,12
2538,Y,10,1,11
2539,Y,0,5,27
2540,Y,0,5,1
2542,Y,0,5,0
2543,Y,0,5,0
2544,Y,0,5,0
2545,Y,0,3,13
2546,Y,0,3,32
2547,Y,4,3,44
2548,Y,10,3,12
2549,Y,0,3,25
2550,Y,27,3,35
2551,Y,14,3,58
2552,Y,0,3,51
2558,Y,0,5,37
2559,Y,0,5,7
2560,Y,0,5,15
2561,Y,0,3,67
2562,Y,0,3,10
2563,Y,0,5,6
2564,Y,0,5,6
2565,Y,0,5,9
2566,N,0,3,0
2567,Y,0,3,26
2568,Y,0,3,36
2569,Y,0,3,42
2570,Y,0,3,10
2571,Y,0,3,29
2572,Y,0,3,33
2573,Y,0,5,8
2574,Y,0,3,20
2575,Y,0,3,7
2576,Y,0,3,50
2577,Y,0,3,15
2579,Y,19,6,20
2580,Y,0,6,3
2581,Y,0,6,10
2582,Y,73,6,74
2583,Y,41,6,41
2585,N,0,3,0
2586,N,0,5,0
2587,N,0,5,0
2588,N,0,5,0
2589,N,0,5,0
2590,N,0,5,0
2591,N,0,5,0
2592,N,0,3,0
2594,N,0,5,11
2595,N,0,5,38
2596,N,0,5,44
2597,N,0,5,1
2598,N,0,5,42
2599,N,0,5,37
2600,N,0,5,36
2601,N,0,5,48
2602,N,0,5,53
2604,Y,0,3,26
2605,Y,0,3,7
2606,Y,0,3,45
2607,Y,0,3,10
2608,Y,0,3,7
2609,Y,0,3,10
2610,Y,0,3,25
2611,Y,0,6,3
2612,Y,0,6,15
2613,Y,0,6,66
2614,Y,0,6,67
2615,Y,0,5,25
2616,Y,0,3,18
2617,Y,18,6,26
2618,Y,4,6,6
2620,Y,0,6,5
2621,Y,0,6,10
2622,Y,0,6,4
2624,Y,0,1,0
2625,Y,62,5,81
2626,Y,55,5,78
2627,Y,63,5,160
2628,Y,15,3,17
2629,Y,56,3,75
2631,Y,14,6,23
2632,Y,13,6,15
2633,Y,74,6,83
2634,Y,132,6,135
2635,Y,103,6,121
2636,Y,99,6,118
2641,Y,40,6,45
2642,Y,36,6,34
2643,Y,138,6,159
2644,Y,161,6,188
2645,Y,47,6,42
2646,Y,0,1,0
2647,Y,0,1,0
2648,Y,0,1,0
2649,Y,0,1,0
2651,Y,16,3,27
2652,Y,18,3,22
2653,Y,17,3,22
2654,Y,84,6,104
2655,Y,9,6,11
2656,Y,4,6,11
2680,Y,1,6,2.36
2681,Y,2,6,2.7
2682,Y,2,1,2.38
2683,Y,2,1,2.37
2684,Y,2,1,2.51
2685,Y,2,1,3.08
2686,Y,1,1,1.47
2687,Y,1,1,3.02
2688,Y,1,1,2.75
2689,Y,1,1,3.58
2690,Y,1,1,1.45
2691,Y,1,1,1.5
2692,Y,2,1,4.2
2693,Y,1,1,0.2
2694,Y,1,1,1.86
2695,Y,3,6,3.17
2696,Y,1,1,6.47
2697,Y,3,1,3.49
2698,Y,2,1,2.09
2699,Y,1,1,2.24
2700,Y,1,1,2.01
2701,Y,1,1,1.76
2702,Y,1,1,6.05
2703,Y,1,1,1.35
2714,N,0,3,0
2715,N,0,3,0
2716,N,0,3,0
2717,N,10,6,0
2718,Y,0,5,100
2719,Y,0,6,40
2720,Y,0,6,7
2721,Y,0,6,42
2722,Y,0,6,27
2730,Y,0,5,45
2731,Y,0,5,92
2732,Y,0,5,15
2733,Y,0,5,41
2734,Y,0,5,4
2735,Y,0,3,7
2744,Y,14,3,24
2745,Y,95,3,136
2746,Y,60,3,61
2747,Y,63,6,33
2959,N,0,1,0
2960,N,0,1,0
2961,N,0,3,0
2962,N,0,3,0
2963,N,0,3,0
2964,N,0,6,0
2965,N,0,6,0
2966,N,0,1,0
2967,N,0,1,0
2968,N,0,1,0
2969,N,0,1,0
2970,N,0,1,0
2971,N,0,1,0
2972,N,0,1,0
2974,N,0,1,0
2975,N,0,5,0
2976,N,0,3,0
2977,N,0,3,0
2978,N,0,3,0
2979,N,0,6,0
2980,N,0,6,0
2981,N,0,1,0
2982,N,0,1,0
2983,N,0,1,0
2984,N,0,1,0
2985,N,0,1,0
2986,N,0,1,0
2987,N,0,1,0
3013,N,0,3,0
3014,N,0,3,0
3015,N,0,3,0
3060,Y,0,6,5
3061,Y,0,6,27
3062,Y,0,6,21
3063,Y,0,6,20
3064,Y,0,6,15
3065,Y,0,6,0
3084,Y,0,6,5
3085,Y,0,6,22
3086,Y,0,6,37
3087,Y,0,6,0
3088,Y,0,6,0
3089,Y,0,6,11
3115,Y,0,3,180
3120,Y,0,1,0
3121,Y,0,1,0
3122,Y,0,1,0
3123,Y,0,1,0
3124,Y,0,1,0
3125,Y,0,1,0
3126,Y,0,1,0
3127,Y,0,1,0
3128,Y,0,1,0
3129,Y,0,1,0
3130,Y,0,1,0
3131,Y,0,1,0
3132,Y,21,3,14
3138,Y,8,6,11
3139,Y,2,6,8
3140,Y,41,3,40
3143,Y,17,3,22
3144,Y,22,3,64
3145,Y,10,3,17
3146,Y,0,3,10
3147,Y,7,3,8
3148,Y,15,3,23
3149,Y,16,3,16
3150,Y,7,3,16
3151,Y,29,3,4
3152,Y,35,3,40
3153,Y,4,3,23
3154,Y,31,3,38
3155,Y,26,3,41
3156,Y,4,3,26
3157,Y,10,3,19
3158,Y,15,3,9
3159,Y,21,3,29
3160,Y,41,3,70
3161,Y,4,3,18
3162,Y,10,3,20
3163,Y,15,3,23
3164,Y,22,3,51
3166,Y,12,5,1
3167,Y,0,5,0
3168,Y,0,5,5
3169,Y,8,5,1
3170,Y,6,5,1
3180,Y,69,5,81
3181,Y,40,5,46
3184,Y,26,3,58
3185,Y,0,3,0
3186,Y,0,5,5
3187,Y,0,5,13
3188,Y,0,5,12
3189,Y,0,5,0
3198,Y,0,6,3.2
3199,Y,0,1,3
3200,Y,0,1,1.15
3201,Y,0,6,2.2
3202,Y,0,6,1.3
3203,Y,0,1,2.68
3223,Y,0,6,5
3229,Y,0,6,68
3230,Y,0,6,66
3232,Y,0,6,17
3233,Y,12,6,18
3234,Y,18,6,22
3235,Y,12,6,13
3236,Y,47,6,45
3237,Y,18,6,27
3238,Y,15,3,14
3239,N,0,6,0
3240,Y,0,6,33
3241,Y,0,6,15
3407,Y,0,6,2.45
3408,Y,0,6,1.5
3409,Y,0,6,3.2
3410,Y,0,1,4.104
3411,Y,0,6,5.9
3412,Y,0,6,7.95
3413,N,0,6,0
3414,N,0,1,0
3415,N,0,6,0
3416,Y,0,1,1.5
3417,N,0,6,0
3418,Y,0,6,4
3419,Y,0,6,9.1
3420,Y,0,6,3.2
3421,Y,0,6,10
3422,Y,0,6,5
3423,Y,0,6,3.5
3424,Y,0,1,11
3425,Y,0,6,3
3426,Y,0,6,6
3427,Y,0,1,4
3451,Y,0,6,10
3452,Y,0,6,7
3453,N,0,6,0
3454,Y,0,6,14
3455,Y,0,6,11
3457,Y,0,6,15
3466,N,0,6,0
3468,N,0,6,0
3469,Y,0,6,10
3470,Y,0,6,7
3475,Y,0,6,13
3489,N,0,6,0
3547,Y,0,3,11
3548,N,0,1,0
3549,Y,0,3,4
3550,Y,0,3,4
3551,N,0,6,0
3552,Y,0,6,6
3553,Y,0,6,4
3554,Y,0,3,48
3555,Y,0,3,5
3556,N,0,3,0
3557,Y,0,3,11
3558,Y,0,6,11
3559,Y,0,6,12
3560,Y,0,6,12
3566,Y,0,3,8
3567,Y,0,6,9
3569,Y,0,6,11
3571,N,0,6,0
3573,N,0,6,0
3576,Y,0,6,9
3578,N,0,6,0
3580,Y,0,6,1
3582,Y,0,6,2
3589,Y,0,6,12
3593,Y,0,6,9
3595,Y,0,6,15
3600,N,0,6,0
3604,Y,0,6,4
3606,Y,0,6,3
3611,N,0,6,0
3627,Y,0,1,0
3628,Y,0,1,0
3631,Y,103,3,120
3632,Y,163,3,240
3633,Y,174,3,152
3634,Y,68,6,106
3635,Y,38,6,52
3636,Y,13,6,28
3637,Y,10,6,16
3638,Y,29,6,46
3639,Y,49,3,49
3640,Y,76,3,95
3641,Y,36,3,54
3642,Y,22,6,34
3643,Y,9,6,15
3644,Y,0,6,0
3645,Y,0,6,2
3646,Y,0,6,12
3652,Y,20,3,47
3653,Y,39,3,51
3654,Y,96,3,111
3655,Y,57,3,53
3656,Y,14,3,22
3657,Y,104,3,120
3658,Y,170,5,171
3674,Y,215,3,259
3703,Y,0,5,26
3704,Y,0,5,1
3705,Y,0,5,7
3706,Y,0,5,45
3707,Y,0,5,56
3708,Y,0,5,48
3717,Y,0,6,7
3718,Y,0,6,7
3719,Y,0,6,33
3720,Y,0,6,8
3721,Y,0,6,3
3722,Y,0,6,12
3723,Y,0,6,14
3724,Y,0,6,7
3725,Y,0,6,24
3726,N,0,3,0
3727,N,0,3,0
3728,Y,0,3,7
3729,Y,0,3,9
3730,Y,0,3,10
3731,Y,0,3,15
3732,N,0,3,0
3733,Y,0,3,16
3734,Y,0,3,13
3736,Y,42,5,190
3739,N,0,1,0
3740,Y,0,1,0
3745,Y,4,1,2
3746,Y,8,1,8
3747,Y,8,1,9
3748,Y,24,8,25
3753,Y,0,6,30
3754,Y,0,6,8
3755,Y,0,6,4
3756,Y,0,6,17
3757,Y,0,6,16
3758,Y,0,6,18
3759,Y,0,6,13
3760,Y,0,6,14
3761,Y,0,6,27
3762,Y,0,6,17
3763,Y,0,6,12
3764,Y,0,6,19
3765,Y,0,6,30
3766,Y,0,6,2
3767,Y,0,6,4
3768,Y,0,6,5
3769,Y,0,6,75
3770,Y,0,6,18
3771,Y,0,6,32
3781,N,0,6,0
3782,N,0,6,0
3784,Y,0,6,5
3786,Y,0,6,3
3788,Y,0,6,13
3791,Y,0,6,4
3793,Y,0,6,17
3795,N,0,6,0
3797,Y,0,6,14
3814,N,0,6,0
3824,N,0,6,0
3843,Y,0,6,2
3846,Y,0,6,4
3847,N,0,6,0
3849,Y,0,6,8
3852,N,0,6,0
3855,Y,0,6,4
3858,Y,0,6,4
3861,N,0,6,0
3862,N,0,6,0
3866,N,0,6,0
3867,N,0,6,0
3868,N,0,6,0
3874,Y,0,6,8
3875,Y,0,6,15
3877,Y,0,6,8
3879,Y,0,6,5
3881,Y,0,6,8
3884,Y,0,6,11
3886,Y,0,6,21
3888,Y,0,6,2
3890,N,0,6,0
3896,Y,0,6,9
3898,Y,0,6,6
3917,N,0,6,0
3933,Y,0,6,5
3936,Y,0,6,6
3939,Y,0,6,9
3942,Y,0,6,5
3958,N,0,6,0
3959,N,0,6,0
3961,N,0,6,0
3963,N,0,6,0
3965,Y,0,6,8
3968,N,0,6,0
3970,Y,0,6,8
3972,Y,0,6,1
3974,N,0,6,0
3986,N,0,6,0
3991,Y,0,6,5
3995,N,0,6,0
4017,N,0,6,0
4018,N,0,6,0
4020,Y,0,6,3
4023,N,0,6,0
4024,Y,0,6,8
4026,N,0,6,0
4027,Y,0,6,1
4030,Y,0,1,0
4032,Y,27,6,44
4033,Y,10,6,15
4037,Y,16,6,16
4038,Y,105,6,123
4039,Y,49,6,65
4040,Y,50,6,8
4042,Y,147,6,170
4043,Y,143,5,136
4044,Y,277,6,651
4047,Y,0,1,0
4048,Y,0,1,0
4049,Y,0,1,0
4054,Y,51,1,29
4055,Y,0,3,19
4056,Y,11,6,7
4058,Y,4,1,9
4060,Y,0,6,0
4061,Y,0,6,0
4062,Y,0,6,30
4063,Y,0,6,13
4064,Y,0,6,22
4065,Y,0,6,14
4066,Y,9,1,13
4067,Y,4,1,19
4068,Y,4,7,3
4071,Y,0,1,0
4098,N,0,1,0
4099,N,0,1,0
4100,N,0,1,0
4101,N,0,1,0
4102,N,0,1,0
4103,N,0,1,0
4104,N,0,3,0
4105,N,0,1,0
4106,N,0,1,0
4107,N,0,1,0
4109,Y,0,3,2
4110,Y,0,3,7
4111,Y,0,3,10
4112,Y,0,6,12
4113,Y,0,3,9
4114,N,0,3,0
4115,N,0,3,0
4116,Y,0,3,5
4117,N,0,3,0
4118,Y,0,3,7
4119,N,0,3,0
4120,Y,0,3,2
4121,N,0,3,0
4122,Y,0,3,10
4123,Y,0,5,6
4124,Y,0,3,6
4126,Y,2,3,3
4127,Y,2,3,6
4128,Y,0,3,0
4130,N,0,5,0
4131,N,0,5,0
4132,N,0,5,0
4134,Y,0,5,8
4135,N,0,5,0
4136,Y,0,5,2
4137,N,0,5,0
4138,Y,0,5,15
4140,Y,0,3,9
4141,Y,0,1,6
4142,N,0,1,0
4143,Y,0,6,9
4144,N,0,6,0
4145,Y,0,6,2
4146,Y,0,3,9
4147,N,0,3,0
4148,Y,0,3,6
4149,N,0,3,0
4150,Y,0,5,4
4151,Y,0,5,40
4152,N,0,6,0
4153,Y,0,3,1
4160,Y,0,3,7
4161,N,0,3,0
4162,Y,0,3,4
4163,Y,0,3,5
4165,Y,0,3,110
4166,Y,0,3,7
4167,Y,0,3,1
4169,Y,4,5,12
4170,Y,5,3,11
4171,Y,2,3,10
4172,Y,0,5,14
4173,Y,0,5,2
4174,Y,2,3,9
4175,Y,0,3,0
4176,Y,2,3,10
4178,Y,6,5,3
4179,Y,7,5,12
4180,Y,7,5,16
4181,Y,2,5,9
4182,Y,6,3,7
4190,Y,0,6,9
4191,Y,0,3,6
4192,Y,0,3,3
4193,Y,0,3,4
4194,Y,0,5,9
4195,Y,0,5,8
4196,N,0,5,0
4197,N,0,5,0
4198,N,0,5,0
4199,Y,0,5,10
4200,N,0,5,0
4201,N,0,5,0
4202,Y,0,3,2
4203,N,0,6,0
4204,N,0,6,0
4205,N,0,6,0
4206,N,0,3,0
4207,N,0,3,0
4208,N,0,3,0
4209,N,0,3,0
4210,N,0,3,0
4211,N,0,3,0
4212,N,0,3,0
4214,N,0,5,0
4215,N,0,5,0
4216,N,0,5,0
4217,N,0,5,0
4218,N,0,5,0
4219,N,0,5,0
4220,Y,0,3,8
4221,Y,0,3,14
4222,N,0,3,0
4223,Y,0,3,7
4224,N,0,6,0
4225,Y,0,6,11
4226,N,0,5,0
4227,N,0,5,0
4228,N,0,3,0
4229,N,0,3,0
4230,N,0,3,0
4231,N,0,3,0
4232,N,0,3,0
4233,N,0,3,0
4234,N,0,3,0
4235,N,0,6,0
4236,N,0,6,0
4238,Y,0,5,0
4239,Y,2,5,19
4240,Y,26,5,27
4241,Y,0,5,0
4242,Y,6,5,9
4243,Y,2,5,14
4250,Y,0,7,1
4251,Y,0,1,4
4252,Y,0,1,1
4253,Y,0,1,0
4254,Y,0,1,0
4255,Y,0,7,0
4257,Y,0,3,14.7
4258,Y,4,5,10
4259,Y,4,5,4.9
4260,Y,4,3,9
4261,Y,2,5,16
4262,Y,5,3,5.3
4263,Y,9,5,16.8
4264,Y,0,5,15
4265,Y,2,5,14
4266,Y,6,5,13
4267,Y,0,5,11.8
4268,Y,2,3,16
4270,Y,5,5,6
4271,Y,15,5,23
4272,Y,15,5,20
4273,Y,0,3,17
4274,Y,0,3,11
4275,Y,0,3,23
4276,Y,0,3,5
4277,Y,12,5,19
4278,Y,0,3,0
4279,Y,4,3,4
4280,Y,14,5,19
4281,Y,0,3,22
4282,Y,4,3,10
4283,Y,8,3,16
4284,Y,4,5,5
4286,N,0,6,0
4287,N,0,6,0
4288,N,0,6,0
4299,N,0,3,0
4300,N,0,3,0
4301,N,0,3,0
4332,Y,6,5,23
4340,Y,0,6,12
4341,Y,0,6,2
4342,Y,0,6,2.19
4354,Y,4,3,10
4355,Y,0,3,13
4356,Y,0,3,13
4357,Y,12,3,20
4358,Y,0,3,13
4360,Y,6,3,11
4361,Y,0,3,5
4362,Y,0,3,16
4363,Y,11,3,0
4364,Y,7,3,10
4365,Y,7,3,7
4366,Y,2,3,12
4367,Y,9,3,13
4368,Y,12,3,18
4369,Y,21,3,27
4370,Y,26,3,62
4372,Y,6,3,8
4373,Y,14,3,16
4374,Y,0,3,0
4375,Y,0,3,77
4376,Y,9,3,18
4377,Y,6,3,9
4378,Y,7,3,16
4379,Y,22,3,36
4401,Y,0,3,3
4402,Y,4,3,5
4403,Y,6,3,9
4404,Y,0,6,3
4405,Y,6,3,6
4406,Y,4,3,5
4407,Y,2,3,8
4408,Y,0,6,2
4409,Y,5,6,4
4411,Y,0,6,9
4412,Y,0,6,0
4413,Y,0,6,4
4414,N,0,6,0
4415,N,0,6,0
4416,Y,0,6,2
4417,N,0,6,0
4418,Y,0,6,2
4419,N,0,6,0
4420,N,0,6,0
4422,Y,0,6,0
4423,Y,0,6,7
4424,Y,0,6,28
4425,Y,0,6,25
4426,Y,0,6,27
4427,Y,0,1,12
4428,Y,0,1,19
4429,Y,0,1,40
4430,Y,0,1,37
4431,Y,0,6,9
4432,Y,0,6,0
4433,Y,0,6,8
4434,Y,0,6,19
4435,Y,0,6,14
4436,Y,0,6,14
4464,N,0,3,0
4465,Y,0,3,1
4467,Y,64,3,99
4468,Y,57,6,72
4469,Y,60,6,85
4470,Y,18,6,38
4471,Y,31,6,50
4472,Y,19,6,28
4473,Y,10,3,40
4474,Y,10,6,31
4475,Y,0,6,30
4476,Y,5,6,20
4477,Y,0,6,0
4478,Y,0,6,0
4480,Y,0,3,4
4481,N,0,3,0
4482,N,0,3,0
4483,N,0,3,0
4484,Y,0,3,34
4485,N,0,3,0
4486,Y,0,3,22
4487,Y,0,3,24
4488,Y,0,3,5
4489,N,0,3,0
4491,N,0,5,0
4492,N,0,5,0
4493,N,0,5,0
4494,N,0,5,0
4495,N,0,3,0
4496,N,0,3,0
4498,N,0,3,0
4499,N,0,3,0
4500,N,0,6,0
4501,N,0,6,0
4502,N,0,6,0
4503,N,0,6,0
4505,Y,6,3,16
4506,Y,0,3,0
4507,Y,22,3,56
4508,Y,8,3,20
4509,Y,0,3,0
4511,N,0,6,1
4512,N,0,3,1
4513,N,0,1,0
4514,N,0,1,0
4535,Y,5,1,5
4539,Y,20,6,14
4540,Y,5,6,2
4541,Y,29,6,4
4544,Y,14,6,16
4545,Y,26,6,27
4546,Y,14,6,20
4547,Y,32,6,34
4554,Y,29,6,48
4555,Y,36,3,50
4556,Y,260,3,465
4560,Y,0,1,2
4561,N,0,1,0
4562,Y,0,1,1
4563,Y,0,1,1
4564,N,0,1,0
4565,Y,0,1,1
4569,Y,0,1,0
4583,N,0,3,0
4584,N,0,3,0
4585,N,0,3,0
4586,N,0,3,0
4587,N,0,3,0
4588,N,0,3,0
4589,N,0,3,0
4590,N,0,3,0
4591,N,0,3,0
4592,N,0,3,0
4593,N,0,3,0
4594,N,0,3,0
4595,N,0,3,0
4596,N,0,3,0
4597,N,0,3,0
4598,N,0,3,0
4599,N,0,3,0
4600,N,0,3,0
4622,Y,0,3,13
4623,N,0,3,0
4624,N,0,3,0
4625,N,0,3,0
4626,N,0,3,0
4627,N,0,3,0
4628,N,0,3,0
4630,N,0,3,0
4631,Y,0,3,28
4632,Y,0,3,36
4633,Y,0,1,0
4635,Y,0,1,0.64
4637,Y,0,1,0.78
4639,Y,0,1,0.53
4641,Y,0,1,0.76
4643,Y,0,1,0.69
4645,N,0,1,0
4647,N,0,1,0
4649,Y,0,1,0.7
4651,Y,0,1,0.07
4653,Y,0,1,0.26
4655,Y,0,1,0.45
4657,N,0,1,0
4659,Y,0,6,14
4660,N,0,3,0
4661,N,0,6,0
4670,N,0,6,0
4671,N,0,1,0
4676,N,0,6,0
4677,N,0,6,0
4681,N,0,6,0
4682,N,0,6,0
4686,N,0,6,0
4687,N,0,6,0
4702,N,0,3,0
4703,Y,0,5,21
4704,Y,0,3,17
4705,Y,0,3,11
4706,Y,0,3,5
4708,N,0,3,0
4709,Y,0,6,9
4710,Y,0,3,0
4711,Y,0,3,12
4712,Y,0,3,22
4713,Y,0,3,42
4714,Y,0,3,13
4715,Y,0,3,11
4716,Y,0,3,35
4717,Y,0,3,40
4719,Y,0,3,26
4720,Y,0,3,3
4721,N,0,3,0
4733,N,7,1,0
4734,N,6,1,0
4737,Y,0,3,40
4738,Y,0,3,26
4739,Y,0,3,13
4740,Y,0,3,2
4741,Y,0,3,2
4742,N,0,3,0
4743,Y,0,3,18
4744,Y,0,5,12
4745,Y,0,5,13
4747,N,6,5,0
4748,N,7,5,0
4749,N,0,3,0
4751,Y,0,5,33
4752,Y,0,3,28
4753,Y,0,3,15
4754,Y,0,3,90
4755,Y,0,3,11
4756,Y,0,6,40
4758,N,0,3,0
4759,N,0,6,0
4760,N,0,6,0
4761,N,0,1,0
4762,N,0,6,0
4763,N,0,6,0
4769,Y,4,1,7
4778,Y,0,1,0
4779,Y,0,7,2
4780,Y,0,8,3
4781,Y,0,8,11
4783,N,0,6,0
4784,N,0,6,0
4785,N,0,6,0
4786,N,0,6,0
4788,Y,0,3,62
4789,Y,0,3,101
4790,Y,0,3,122
4791,Y,0,6,128
4792,Y,0,6,129
4793,N,0,6,0
4794,N,0,6,0
4797,Y,1,1,1.26
4803,Y,12,5,100
4804,Y,89,5,114
4805,Y,0,5,0
4806,Y,0,5,7
4807,Y,0,5,12
4808,Y,0,5,11
4809,Y,4,5,8
4810,Y,0,3,0
4811,Y,9,3,17
4812,Y,0,3,8
4813,Y,0,3,0
4814,Y,0,1,0
4826,N,0,6,0
4827,N,0,6,0
4828,N,0,6,0
4829,N,0,6,0
4830,N,0,6,0
4831,N,0,6,0
4832,N,0,6,0
4833,N,0,6,0
4834,N,0,6,0
4835,N,0,6,0
4836,N,0,6,0
4837,N,0,6,0
4839,Y,0,3,12
4840,N,0,3,0
4841,Y,0,6,1
4842,N,0,6,0
4843,N,0,6,0
4844,N,0,6,0
4845,Y,0,3,10
4846,N,0,3,0
4847,N,0,3,0
4848,N,0,3,0
4849,N,0,3,0
4850,Y,0,6,3
4851,Y,0,3,12
4852,Y,0,3,12
4853,Y,0,3,12
4854,Y,0,3,10
4855,Y,0,3,12
4856,Y,0,5,6
4857,N,0,6,0
4859,N,0,1,0
4860,N,0,1,0
4861,N,0,1,0
4862,N,0,1,0
4863,N,0,1,0
4864,N,0,1,0
4865,N,0,1,0
4866,N,0,1,0
4867,N,0,1,0
4868,N,0,1,0
4882,Y,0,7,0
4883,Y,0,7,0
4884,N,0,1,0
4885,N,7,7,0
4886,N,0,1,0
4887,N,0,7,0
4888,N,0,1,0
4889,N,0,7,0
4890,Y,0,1,0
4891,Y,0,1,0
4892,N,0,1,0
4893,N,0,1,0
4894,N,0,1,0
4895,N,0,1,0
4896,N,0,1,0
4897,N,0,1,0
4898,N,0,3,0
4899,N,0,3,0
4900,Y,0,3,12
4901,Y,0,3,24
4902,Y,0,3,15
4903,N,0,3,0
4904,N,0,6,0
4905,N,0,6,0
4906,N,0,6,0
4908,N,0,6,0
4909,N,0,6,0
4910,N,0,6,0
4911,N,0,6,0
4912,N,0,6,0
4913,N,0,6,0
4914,N,0,6,0
4915,N,0,6,0
4916,N,0,6,0
4917,N,0,6,0
4918,N,0,6,0
4919,N,0,6,0
4931,Y,0,5,1
4932,Y,0,5,8
4934,Y,89,6,270
4935,Y,23,6,24
4936,Y,21,3,19
4938,Y,29,6,31
4939,Y,15,6,21
4940,Y,14,6,16
4943,Y,16,6,16
4944,Y,23,5,14
5001,Y,32,5,36
5002,Y,23,3,27
5003,Y,31,3,49
5004,Y,31,3,33
5005,Y,53,3,73
5006,Y,30,1,0
5007,Y,41,1,41
5008,Y,121,3,141
5009,Y,79,3,99
5010,Y,30,3,42
5011,Y,14,3,22
5013,Y,7,5,15
5014,Y,12,3,6
5015,Y,10,3,13
5016,Y,18,3,19
5017,Y,22,3,35
5018,Y,27,1,2
5019,Y,24,1,40
5020,Y,76,3,84
5021,Y,42,3,68
5022,Y,28,3,15
5023,Y,9,3,25
5025,N,0,3,0
5026,N,0,3,0
5027,N,0,3,0
5028,Y,0,6,6
5029,N,0,6,0
5030,Y,0,6,4
5032,Y,0,3,3
5033,Y,0,3,4
5034,Y,0,6,5
5035,Y,0,6,4
5045,Y,0,6,10
5046,Y,0,3,10
5047,Y,0,3,17
5048,Y,0,6,20
5049,Y,0,6,10
5050,Y,0,6,8
5051,Y,0,6,7
5052,Y,0,6,2
5053,Y,0,6,3
5054,Y,0,6,4
5055,Y,0,6,4
5057,N,6,6,0
5058,N,0,6,0
5059,N,0,6,0
5061,Y,4,3,19
5062,N,0,5,0
5063,N,0,5,0
5064,Y,0,5,8
5065,Y,0,3,79
5066,N,0,5,0
5067,N,0,5,0
5068,Y,0,5,21
5069,Y,0,5,70
5070,Y,0,5,25
5071,N,0,5,0
5072,Y,0,5,1
5073,Y,0,5,30
5074,N,0,5,0
5075,N,0,5,0
5076,Y,0,5,34
5080,Y,0,6,2
5081,Y,0,6,19
5082,Y,0,6,5
5084,Y,5,6,25
5085,Y,6,6,11
5086,Y,4,6,4
5088,Y,0,3,16
5089,N,0,3,0
5090,Y,0,3,11
5091,N,0,3,0
5092,Y,0,3,11
5093,N,0,3,0
5095,Y,0,5,11
5096,Y,0,5,12
5097,N,0,5,0
5098,Y,0,5,15
5099,Y,0,5,8
5100,Y,0,5,5
5101,Y,0,5,6
5102,Y,0,5,18
5103,Y,0,5,8
5104,Y,0,5,4
5105,N,0,5,0
5124,Y,0,5,104
5125,Y,0,5,16
5126,Y,0,5,122
5127,Y,0,5,136
5128,N,0,5,0
5129,N,0,5,0
5130,Y,0,5,37
5131,Y,0,5,144
5132,Y,0,5,41
5133,Y,0,5,74
5134,Y,0,5,280
5135,Y,0,5,80
5136,Y,0,5,33
5137,Y,0,5,134
5138,Y,0,5,20
5139,Y,0,5,69
5140,Y,0,5,51
5141,Y,0,5,21
5142,Y,0,5,72
5163,Y,0,5,203
5164,N,0,5,0
5165,N,0,5,0
5166,Y,0,5,9
5167,Y,0,5,25
5168,Y,0,5,60
5169,Y,0,5,65
5170,N,0,5,0
5171,Y,0,5,92
5172,Y,0,3,50
5173,Y,0,3,52
5186,N,0,5,0
5189,Y,41,3,58
5190,Y,48,3,64
5191,Y,9,3,11
5192,Y,0,3,19
5193,Y,6,3,12
5195,Y,8,6,6
5196,Y,4,6,6
5197,Y,33,6,29
5198,Y,17,1,18
5199,Y,4,1,15
5200,Y,0,1,10
5201,Y,4,1,12
5202,Y,6,1,10
5203,Y,0,7,26
5205,Y,0,6,29
5206,Y,0,6,0
5207,Y,12,1,11
5208,Y,4,6,3
5209,Y,7,1,13
5210,Y,4,1,4
5211,Y,7,1,8
5212,Y,6,1,7
5213,Y,6,1,6
5214,Y,6,7,15
5216,N,0,5,0
5217,N,0,5,0
5218,N,0,3,0
5219,N,0,3,0
5220,Y,0,3,11
5221,N,0,3,0
5222,Y,0,5,9
5223,Y,0,5,1
5224,N,0,3,0
5225,N,0,3,0
5226,Y,0,3,9
5227,N,0,3,0
5228,Y,5,3,11
5229,Y,6,3,16
5230,Y,2,3,15
5231,Y,2,6,2
5232,Y,2,6,12
5233,Y,0,5,16
5235,Y,6,5,15
5236,Y,4,5,4
5237,Y,2,5,14
5238,Y,0,5,0
5239,Y,0,5,35
5240,Y,2,5,10
5242,Y,0,6,12
5243,Y,0,1,0
5245,N,0,3,0
5246,N,0,3,1
5247,Y,0,3,16
5248,Y,0,3,35
5249,Y,0,3,25
5250,Y,15,3,23
5251,Y,2,3,26
5252,Y,0,3,6
5253,Y,12,6,21
5254,Y,2,6,7
5255,Y,4,6,13
5258,Y,41,3,67
5259,Y,53,3,72
5260,Y,34,3,48
5261,Y,32,3,36
5262,Y,49,3,80
5263,Y,28,3,62
5264,Y,25,3,24
5265,Y,31,3,40
5266,Y,62,3,65
5267,Y,62,3,65
5268,Y,73,3,32
5269,Y,54,3,40
5270,Y,52,3,64
5271,Y,42,3,43
5272,Y,65,3,113
5273,Y,50,3,54
5274,Y,58,3,66
5275,Y,60,3,84
5276,Y,42,3,53
5277,Y,41,3,58
5278,Y,41,3,52
5279,Y,0,3,24
5379,Y,8,5,17
5381,Y,0,5,0
5382,Y,17,5,18
5383,Y,25,5,42
5384,Y,47,5,60
5385,Y,73,5,111
5386,Y,9,3,0
5387,Y,0,3,0
5388,Y,0,3,0
5389,Y,14,5,30
5390,Y,10,5,18
5391,Y,0,5,0
5392,Y,17,3,26
5393,Y,11,3,20
5394,Y,9,3,18
5396,N,0,3,0
5397,N,0,3,0
5398,N,0,3,0
5400,Y,0,3,1
5401,Y,0,3,1
5402,Y,0,3,1
5404,Y,0,3,4
5405,Y,0,6,8
5407,Y,0,3,1
5408,Y,0,6,6
5409,N,0,6,0
5411,N,0,3,0
5412,N,0,3,0
5413,Y,0,6,1
5414,N,0,6,0
5415,Y,0,6,15
5416,Y,0,6,10
5506,N,0,3,0
5507,N,0,3,0
5508,N,0,3,0
5509,Y,4,6,14
5510,Y,38,5,47
5511,Y,21,5,36
5512,Y,46,5,80
5513,Y,37,5,64
5518,Y,0,5,0
5519,Y,8,5,15
5520,Y,20,3,24
5521,Y,10,3,13
5522,Y,0,6,10
5527,Y,0,3,1
5528,Y,28,3,30
5529,Y,10,6,17
5533,Y,0,6,33
5534,Y,0,6,12
5535,Y,0,3,119
5536,Y,0,3,3
5537,Y,0,6,5.75
5540,Y,0,5,1
5541,Y,0,5,0
5542,Y,15,5,19
5543,Y,0,3,0
5545,N,0,6,0
5546,N,0,6,0
5547,N,0,6,0
5548,N,0,6,0
5549,N,0,3,0
5550,N,0,6,0
5551,Y,0,6,1
5552,N,0,6,0
5553,N,0,6,0
5555,N,0,6,0
5556,Y,0,6,6
5557,Y,0,6,4
5558,N,0,6,0
5559,N,0,6,0
5560,N,0,6,0
5562,N,0,6,0
5563,Y,0,6,1
5564,Y,0,6,1
5566,N,0,6,0
5567,N,0,6,0
5568,N,0,6,0
5569,N,0,6,0
5570,N,0,6,0
5571,N,0,6,0
5572,N,0,6,0
5573,N,0,6,0
5579,N,0,6,0
5580,N,0,6,0
5581,N,0,6,0
5583,Y,0,3,6
5584,N,0,3,0
5586,N,0,3,0
5587,N,0,3,0
5588,N,0,3,0
5617,Y,38,5,46
5618,Y,22,5,28
5622,Y,28,6,88
5623,Y,0,1,0
5628,N,0,3,0
5629,N,0,6,0
5630,Y,0,6,22
5631,Y,0,6,10
5632,Y,0,6,2
5633,N,0,6,0
5664,N,0,3,0
5665,Y,0,3,1.28
5666,Y,0,3,0.68
5670,N,0,6,0
5671,Y,0,6,6
5673,Y,10,3,14
5674,Y,10,3,14
5675,Y,15,3,51
5676,Y,10,3,10
5677,Y,0,3,22
5678,Y,0,3,109
5679,Y,0,3,73
5680,Y,0,6,38
5682,Y,0,3,10
5683,Y,0,3,7
5685,N,0,6,0
5686,N,0,1,0
5687,N,0,1,0
5688,Y,0,6,1
5689,Y,0,1,0
5690,Y,0,1,0
5691,Y,0,1,0
5692,Y,0,1,0
5693,Y,0,1,0
5717,Y,0,5,44
5718,Y,0,5,17
5719,Y,0,5,2
5720,N,0,5,0
5721,Y,0,5,26
5722,Y,0,5,176
5723,Y,0,5,13
5724,Y,0,5,12
5725,Y,0,5,55
5726,Y,0,5,58
5727,Y,0,5,57
5728,Y,0,5,68
5729,Y,0,5,40
5730,Y,0,5,24
5731,Y,0,5,19
5732,Y,0,5,17
5733,Y,0,5,54
5734,Y,0,5,35
5735,Y,0,5,0
5736,Y,0,5,0
5737,Y,0,5,69
5738,Y,0,5,21
5739,Y,0,5,36
5740,Y,0,5,36
5741,Y,0,5,29
5742,Y,0,5,34
5743,Y,0,5,41
5745,N,0,3,0
5746,Y,0,5,84
5748,Y,0,3,12
5749,Y,6,6,15
5755,Y,9,6,11
5756,Y,2,1,3
5757,Y,0,1,1
5758,Y,0,1,0
5760,Y,7,6,8
5761,Y,0,1,7
5762,Y,0,1,0
5763,Y,0,1,0
5764,Y,0,1,0
5773,N,0,6,0
5775,Y,0,6,13
5776,Y,0,6,15
5778,Y,0,3,9
5779,Y,0,3,2
5780,Y,0,3,8
5781,Y,0,3,4
5782,Y,0,3,5
5783,Y,0,1,0
5784,N,0,5,0
5794,N,0,3,0
5795,N,0,3,0
5796,Y,0,3,54
5797,Y,0,3,43
5798,Y,0,3,29
5799,Y,0,6,28
5800,Y,0,3,14
5801,Y,0,3,5
5802,Y,0,6,134
5803,Y,0,3,123
5804,Y,0,3,2
5805,N,0,6,2
5806,Y,0,3,5
5807,N,0,6,0
5808,Y,0,3,17
5809,Y,0,6,9
5810,Y,0,5,746
5811,Y,0,5,673
5812,Y,0,1,0
5813,Y,0,5,95
5819,Y,4,6,9
5823,Y,44,5,293
5827,Y,14,5,19
5828,Y,36,3,46
5830,Y,0,3,36
5831,N,0,6,0
5832,N,0,6,0
5833,N,0,6,0
5834,Y,0,3,6
5835,Y,0,5,2
5836,N,0,5,0
5837,Y,0,3,7
5839,N,0,3,0
5840,Y,0,5,11
5841,Y,0,5,5
5842,Y,0,3,20
5843,N,0,3,0
5844,N,0,3,0
5845,Y,0,3,6
5846,N,0,3,0
5855,Y,31,5,26
5857,N,0,5,0
5858,N,0,3,0
5859,N,0,3,0
5860,N,0,3,0
5861,N,0,3,0
5862,Y,0,3,1
5863,N,0,3,0
5864,N,0,3,0
5865,Y,0,3,4
5867,N,0,5,0
5868,Y,0,3,4
5869,Y,0,3,14
5870,Y,0,3,17
5871,N,0,3,18
5872,N,0,3,0
5873,Y,0,3,12
5875,Y,2,6,35
5876,Y,2,6,48
5877,Y,2,6,33
5878,Y,2,6,27
5879,Y,2,6,28
5880,Y,2,6,20
5881,Y,2,6,27
5882,Y,2,6,21
5883,Y,2,6,15
5884,Y,2,6,27
5885,Y,2,6,3
5886,Y,2,6,30
5887,Y,8,3,1008
5888,Y,11,3,958
5897,N,0,5,0
5898,Y,0,5,1
5899,Y,0,5,9
5900,N,0,5,0
5901,Y,0,5,4
5903,Y,10,1,12
5904,Y,7,1,8
5905,Y,0,7,0
5906,Y,0,1,0
5907,Y,0,1,0
5908,Y,6,7,7
5913,Y,0,3,0
5914,Y,0,1,0
5916,Y,0,6,0
5917,Y,0,1,0
5918,Y,0,1,0
5920,Y,0,1,0.13
5921,Y,0,1,0.24
5922,Y,0,1,0.11
5927,Y,0,3,2.69
5928,N,0,3,0
5929,Y,0,6,0.61
5930,N,0,6,0
5931,Y,0,3,3.6
5932,Y,0,3,1.8
5933,Y,0,6,3.7
5934,Y,0,6,1.84
5944,N,0,3,0
5945,Y,0,5,24
5953,N,0,3,0
5962,N,0,3,0
5963,N,0,3,0
5964,Y,0,3,3
5965,Y,0,3,13
5966,Y,0,3,6
5967,N,0,3,0
5969,Y,0,3,56
5970,Y,0,3,20
5974,Y,0,5,69
5975,Y,0,5,18
5976,Y,0,5,39
5977,Y,0,5,77
5978,Y,0,5,23
5979,Y,0,5,20
5980,Y,0,5,47
5981,Y,0,5,45
5991,N,0,3,0
5992,N,0,3,0
5993,N,0,6,0
5994,N,0,6,0
5995,N,0,6,0
5997,Y,0,5,84
5998,Y,0,5,104
5999,Y,0,5,58
6000,Y,0,5,44
6001,Y,0,5,107
6002,Y,0,5,79
6003,Y,0,5,56
6004,Y,0,5,86
6005,Y,0,5,67
6006,Y,0,5,106
6007,Y,0,5,88
6008,Y,0,5,42
6009,Y,0,5,80
6010,Y,0,5,28
6011,Y,0,5,20
6012,Y,0,5,30
6013,Y,0,3,4
6014,N,0,6,0
6034,Y,0,1,0
6043,Y,0,3,0
6044,Y,0,6,7
6045,Y,0,3,8
6047,Y,0,5,0.08
6048,Y,0,5,2.5
6049,Y,0,5,0.08
6050,Y,0,5,0.4
6051,Y,1,5,0.6
6052,Y,0,5,7
6053,Y,0,5,10
6054,Y,0,5,1.62
6055,Y,0,5,2.4
6056,N,0,5,0
6057,Y,0,1,1.94
6059,Y,0,1,0.98
6071,Y,0,3,11
6072,Y,0,3,51
6073,Y,0,5,14
6074,Y,0,5,22
6075,Y,0,5,22
6082,Y,0,5,14
6083,Y,4,1,7
6085,Y,0,6,16
6086,N,0,6,0
6087,Y,6,1,6
6088,Y,13,1,15
6089,Y,0,6,0
6090,N,0,3,0
6092,N,0,5,0
6093,Y,0,3,83
6094,Y,0,3,25
6095,Y,0,3,52
6096,Y,19,5,23
6097,Y,5,5,19
6098,Y,22,5,38
6103,Y,0,3,0
6104,Y,0,3,1
6105,Y,7,3,11
6107,Y,0,6,2
6108,Y,0,6,0
6109,N,0,6,0
6110,N,0,6,0
6111,Y,0,6,6
6112,N,0,6,0
6113,Y,0,6,15
6114,Y,0,6,2
6115,N,0,6,0
6116,N,0,6,0
6125,Y,18,6,26
6127,Y,47,6,59
6128,Y,38,6,48
6129,Y,46,6,50
6130,Y,21,6,28
6131,Y,22,6,29
6132,Y,37,6,35
6133,Y,46,6,68
6134,Y,10,3,12
6202,N,0,3,0
6203,N,0,3,0
6204,N,0,3,0
6205,Y,0,3,6
6206,Y,0,3,15
6207,Y,0,3,4
6208,Y,0,3,14
6209,Y,0,3,2
6211,Y,0,5,1
6212,Y,0,5,0.8
6213,Y,0,5,18
6214,Y,0,5,0
6215,Y,0,5,12
6216,Y,0,5,4
6217,Y,0,5,3
6218,Y,0,3,10
6219,Y,0,5,11
6220,Y,0,5,7
6221,Y,0,5,1
6222,Y,0,5,0
6223,Y,0,5,11
6224,Y,0,3,1
6225,Y,0,3,12
6226,Y,0,3,13
6227,Y,0,5,15
6228,Y,0,3,15.6
6229,Y,0,3,22
6230,Y,0,3,18
6231,Y,0,3,12
6232,Y,0,3,2
6233,Y,0,3,4
6234,Y,0,3,11
6235,Y,0,5,7
6236,Y,0,3,7
6238,Y,0,5,57
6239,N,0,5,0
6240,Y,0,5,15
6241,Y,0,5,13
6242,N,0,3,0
6244,N,0,5,0
6245,Y,0,5,1
6246,Y,0,5,12
6247,Y,0,5,16
6248,Y,0,3,4
6252,Y,0,1,0
6254,Y,0,1,0
6255,Y,0,1,0
6256,Y,0,1,0
6257,Y,0,1,0
6278,Y,0,1,0
6279,Y,0,5,48
6280,Y,0,1,0
6281,Y,0,1,0
6292,Y,0,1,0
6293,Y,0,1,0
6294,Y,0,3,88
6295,Y,0,1,0
6296,Y,0,1,0
6297,N,0,1,0
6303,Y,15,5,26
6304,Y,14,3,22
6305,Y,7,3,9
6306,Y,4,3,104
6307,Y,9,3,9
6308,Y,10,1,21
6309,Y,25,1,33
6311,Y,0,1,0
6312,Y,0,1,0
6314,Y,0,1,0
6315,Y,0,1,0
6316,Y,2400,6,0
6317,Y,0,1,0
6318,Y,0,1,0
6319,Y,0,1,0
6320,Y,0,1,0
6321,Y,0,1,0
6322,Y,0,1,0
6323,Y,0,1,0
6324,Y,0,1,0
6326,Y,0,1,0
6343,Y,143,6,272
6344,Y,0,1,0
6345,Y,0,1,0
6346,Y,0,1,0
6347,Y,0,1,0
6348,Y,0,1,0
6349,Y,0,1,0
6350,Y,0,1,0
6353,N,0,1,0
6359,Y,0,1,0
6361,Y,24,5,41
6362,Y,0,5,34
6363,Y,9,5,11
6364,Y,6,5,11
6365,Y,0,5,7
6366,Y,11,5,20
6367,Y,23,5,21
6368,Y,4,5,6
6369,Y,7,5,15
6370,Y,7,5,8
6371,Y,0,5,22
6372,Y,29,5,47
6373,Y,4,5,5
6374,Y,7,5,15
6375,Y,4,5,14
6376,Y,19,5,20
6377,Y,18,5,26
6378,Y,4,5,10
6379,Y,7,5,15
6380,Y,10,5,13
6381,Y,41,5,54
6382,Y,14,5,13
6383,Y,0,5,11
6384,Y,11,5,15
6385,Y,33,5,36
6386,Y,12,5,19
6387,Y,23,5,26
6388,Y,9,5,9
6389,Y,5,5,8
6390,Y,5,5,13
6391,Y,7,5,7
6392,Y,6,5,15
6393,Y,14,5,16
6394,Y,7,5,9
6395,Y,14,5,18
6396,Y,14,5,20
6397,Y,10,5,19
6398,Y,5,5,13
6399,Y,4,5,8
6400,Y,0,5,19
6401,Y,37,5,69
6402,Y,6,5,14
6403,Y,4,5,22
6404,Y,12,5,19
6405,Y,0,5,39
6406,Y,6,5,11
6407,Y,9,5,1
6408,Y,7,5,14
6409,Y,0,5,6
6410,Y,24,5,18
6411,Y,0,5,1
6412,Y,5,5,7
6413,Y,6,5,10
6414,Y,4,5,23
6415,Y,36,3,57
6416,Y,17,5,17
6417,Y,17,5,39
6418,Y,25,5,32
6419,Y,20,5,4
6420,Y,7,5,13
6421,Y,10,3,21
6422,Y,17,5,17
6423,Y,9,5,11
6424,Y,9,5,9
6425,Y,9,5,10
6426,Y,5,5,6
6427,Y,30,5,30
6428,Y,4,5,21
6429,Y,4,5,11
6430,Y,8,5,10
6431,Y,33,5,47
6432,Y,0,5,4
6433,Y,0,5,6
6434,Y,22,5,26
6435,Y,6,5,15
6436,Y,0,5,33
6437,Y,0,5,18
6438,Y,0,5,23
6439,Y,0,5,26
6440,Y,0,5,2
6441,Y,0,5,26
6442,Y,10,5,13
6443,Y,0,5,12
6444,Y,0,5,0
6445,Y,0,5,24
6446,Y,0,5,9
6447,Y,0,5,22
6448,Y,0,5,18
6449,Y,4,5,9
6450,Y,2,5,34
6451,Y,6,5,17
6452,Y,0,5,29
6453,Y,2,5,28
6454,Y,4,5,22
6455,Y,6,5,16
6456,Y,0,5,7
6457,Y,0,5,10
6458,Y,0,5,0
6459,Y,4,5,11
6460,Y,0,5,7
6461,Y,6,5,9
6462,Y,0,5,11
6463,Y,6,5,15
6464,Y,4,5,26
6465,Y,0,5,17
6466,Y,0,5,9
6467,Y,5,5,13
6468,Y,0,5,6
6469,Y,4,5,11
6471,Y,0,5,11
6472,Y,0,5,5
6473,Y,0,5,7
6474,Y,4,5,8
6475,Y,0,5,14
6476,Y,5,5,26
6477,Y,0,5,9
6478,Y,0,5,9
6479,Y,2,5,14
6480,Y,4,5,12
6481,Y,5,5,13
6482,Y,6,5,15
6483,Y,5,5,11
6484,Y,4,5,70
6485,Y,0,5,15
6486,Y,0,5,13
6487,Y,0,5,21
6488,Y,0,5,13
6489,Y,0,5,2
6490,Y,0,5,14
6491,Y,0,5,23
6492,Y,0,5,8
6493,Y,0,5,14
6494,Y,0,5,9
6495,Y,0,5,22
6496,Y,6,5,10
6497,Y,0,5,17
6498,Y,0,5,17
6499,Y,2,5,6
6500,Y,0,3,15
6537,Y,22,1,0
6538,Y,6,3,11
6539,Y,33,6,54
6540,Y,6,6,3
6541,Y,0,3,0
6542,Y,37,3,54
6543,Y,20,3,22
6544,Y,0,3,21
6545,N,0,6,0
6546,N,0,3,0
6547,Y,0,6,20
6548,Y,0,6,9
6549,N,0,6,0
6550,N,0,5,0
6552,Y,0,3,14
6553,Y,10,3,10
6554,Y,10,3,16
6555,Y,10,3,14
6556,Y,10,3,10
6557,Y,0,3,38
6558,Y,0,6,45
6559,Y,0,3,47
6560,Y,0,3,30
6561,N,0,6,0
6563,Y,5,3,8
6564,Y,6,3,11
6565,Y,0,3,0
6566,Y,11,3,18
6567,Y,0,3,0
6568,Y,5,3,14
6569,Y,12,3,16
6570,Y,23,3,29
6571,Y,23,3,38
6572,Y,23,3,25
6573,Y,22,3,26
6574,Y,30,3,37
6575,Y,42,3,54
6576,Y,5,3,9
6577,Y,6,3,7
6578,Y,16,3,26
6579,Y,23,3,42
6580,Y,31,3,49
6581,Y,7,3,9
6583,Y,0,1,0
6599,Y,0,1,0
6600,Y,0,1,0
6602,Y,7,3,8
6603,Y,15,3,17
6604,Y,4,3,11
6605,Y,23,3,25
6606,Y,4,3,10
6607,Y,26,3,29
6608,Y,6,3,10
6609,Y,9,3,6
6610,Y,14,3,14
6611,Y,14,3,17
6612,Y,23,3,24
6613,Y,7,3,7
6614,Y,15,3,21
6615,Y,13,3,20
6616,Y,7,3,25
6617,Y,0,3,0
6620,Y,31,6,39
6621,Y,10,6,18
6622,Y,10,3,10
6623,Y,0,6,0
6624,Y,9,6,9
6625,Y,17,6,21
6626,Y,17,6,22
6627,Y,34,6,42
6628,Y,20,6,27
6630,Y,12,6,13
6631,Y,17,6,23
6632,Y,0,6,4
6633,Y,10,6,15
6634,Y,12,6,37
6635,Y,15,6,24
6636,Y,6,6,6
6637,Y,10,6,10
6638,Y,2,6,10
6639,Y,5,6,3
6640,Y,0,6,11
6641,Y,0,6,6
6642,Y,0,6,17
6644,Y,0,6,6
6645,Y,0,6,10
6647,Y,0,6,4
6648,Y,0,5,1
6649,Y,0,1,1
6650,Y,0,1,6
6652,N,0,1,2
6653,N,0,1,0
6654,N,0,1,0
6655,Y,0,1,4
6656,N,0,1,0
6657,Y,5,1,12
6788,Y,0,1,0
6789,Y,0,1,0
6790,Y,0,1,0
6791,Y,0,1,0
6792,Y,0,1,0
6793,Y,0,1,0
6794,Y,0,1,0
6795,Y,0,1,0
6796,Y,0,1,0
6797,Y,0,1,0
6798,Y,0,1,0
6799,Y,0,1,0
6800,Y,0,1,0
6801,Y,0,1,0
6802,Y,0,1,0
6803,Y,0,1,0
6804,Y,0,1,0
6805,Y,0,1,0
6806,Y,0,1,0
6807,Y,0,1,0
6808,Y,0,1,0
6809,Y,0,1,0
6810,Y,0,1,0
6811,Y,0,1,0
6812,Y,0,1,0
6813,Y,0,1,0
6814,Y,0,1,0
6815,Y,0,1,0
6816,Y,0,1,0
6817,Y,0,1,0
6818,Y,0,1,0
6819,Y,0,1,0
6820,Y,0,1,0
6821,Y,0,1,0
6822,Y,0,1,0
6824,Y,0,1,0
6825,Y,0,1,0
6826,Y,0,1,0
6827,Y,0,1,0
6828,Y,0,1,0
6829,Y,0,1,0
6830,Y,0,1,0
6831,Y,0,1,0
6832,Y,0,1,0
6833,Y,0,1,0
6834,Y,0,1,0
6835,Y,0,1,0
6836,Y,0,1,0
6837,Y,0,1,0
6838,Y,0,1,0
6839,Y,0,1,0
6840,Y,0,1,0
6841,Y,0,1,0
6842,Y,0,1,0
6861,Y,40,1,0
6862,Y,80,1,267
6864,Y,40,1,156
6865,Y,15,1,19
6866,Y,20,1,29
6867,Y,12,1,15
6868,Y,15,1,28
6869,Y,10,1,16
6870,Y,5,1,1
6871,Y,8,1,8
6872,Y,6,1,6
6873,Y,1,1,21
6874,Y,1,1,1.5
6875,Y,3,1,4.4
6876,Y,3,1,0.2
6877,Y,3,1,5.1
6878,Y,3,1,4
6879,Y,100,1,21
6880,Y,60,1,163
6885,Y,1,1,2
6886,Y,2,1,6
6887,Y,1,1,3
6888,Y,10,1,20
6889,Y,15,1,48
6890,Y,0,1,1300
6891,Y,6,1,13
6893,Y,0,1,2.5
6899,Y,4,1,6
6900,Y,1,1,1
6901,Y,1,1,5
6902,Y,2,1,4
6903,Y,2,1,2
6904,Y,2,1,4
6906,Y,1063,1,800
6907,Y,182,1,0
6908,Y,52,1,0
6911,Y,0,1,0
6912,Y,10,3,12
6914,Y,0,1,0
6915,Y,0,1,0
6916,Y,0,1,0
6917,Y,0,1,0
6918,Y,0,1,0
6919,Y,0,1,0
6920,Y,0,1,0
6922,Y,0,1,0
6923,Y,0,1,0
6926,Y,0,1,0
6927,Y,0,1,0
6928,Y,0,1,0
6929,Y,0,1,0
6930,Y,2,7,11
6931,Y,4,3,12
6932,Y,4,6,4
6933,Y,4,3,13
6934,Y,12,3,15
6935,Y,7,3,7
6936,Y,5,3,11
6937,Y,10,3,16
6938,Y,5,3,5
6939,Y,7,3,8
6940,Y,8,3,8
6941,Y,0,3,0
6943,Y,6,3,9
6944,Y,7,3,9
6945,Y,0,3,1
6946,Y,0,3,0
6947,Y,5,3,11
6948,Y,4,3,10
6949,Y,0,3,0
6950,Y,11,3,18
6951,Y,0,3,0
6952,Y,6,3,12
6953,Y,6,3,20
6954,Y,4,3,9
6955,Y,0,3,3
6956,Y,4,3,9
6957,Y,4,3,13
6958,Y,0,3,13
6959,Y,4,3,6
6960,Y,0,3,18
6961,Y,7,3,12
6962,Y,4,3,12
6963,Y,4,3,6
6964,Y,0,3,0
6965,Y,0,3,0
6966,Y,0,3,2
6967,Y,6,3,6
6968,Y,0,3,4
6969,Y,4,3,3
6970,Y,0,3,6
6971,Y,2,3,2
6972,Y,4,3,16
6973,Y,0,3,0
6974,Y,0,3,3
6975,Y,0,3,7
6976,Y,0,3,2
6977,Y,0,3,12
6978,Y,0,3,0
6979,Y,0,3,6
6980,Y,0,3,6
6981,Y,4,3,13
6982,Y,0,3,1
6983,Y,4,3,11
6984,Y,0,3,5
6985,Y,0,3,0
6986,Y,0,3,9
6987,Y,7,5,8
6988,Y,0,3,4
6989,Y,2,3,8
6990,Y,0,3,8
6991,Y,0,3,6
6992,Y,0,3,4
6993,Y,0,3,10
6994,Y,4,3,13
6995,Y,0,3,8
6996,Y,4,3,12
6997,Y,5,3,5
6998,Y,0,3,0
6999,Y,4,3,8
7000,Y,2,3,9
7001,Y,2,3,6
7002,Y,0,3,0
7003,Y,0,3,8
7004,Y,6,3,13
7005,Y,7,3,13
7006,Y,12,3,20
7007,Y,6,3,14
7008,Y,7,3,11
7009,Y,7,3,7
7010,Y,19,1,16
7011,Y,0,3,0
7012,Y,0,1,1
7014,Y,4,3,9
7015,Y,4,3,10
7016,Y,10,3,15
7017,Y,5,3,17
7018,Y,20,3,29
7019,Y,10,5,19
7020,Y,0,3,40
7021,Y,16,6,19
7022,Y,0,6,0
7023,Y,32,3,2
7024,Y,5,1,11
7025,Y,0,6,9
7026,Y,0,3,65
7027,Y,0,3,102
7028,Y,0,3,58
7029,Y,0,5,90
7032,Y,0,5,11
7033,Y,0,5,14
7035,Y,7,1,34
7036,Y,0,3,29
7037,Y,0,3,9
7038,Y,0,3,0
7039,Y,0,3,4
7040,Y,0,3,16
7041,Y,0,1,147
7042,Y,0,1,0
7043,Y,0,1,0
7044,Y,336,1,0
7045,Y,37,1,100
7046,Y,0,1,0
7047,Y,0,1,0
7049,Y,18,7,0
7050,Y,10,7,16
7051,Y,4,3,13
7052,Y,11,3,14
7053,Y,9,3,10
7054,Y,0,3,27
7055,Y,4,6,18
7056,Y,4,6,24
7057,Y,6,6,14
7058,Y,0,6,18
7059,Y,0,6,10
7060,N,0,6,0
7064,Y,0,6,11
7065,Y,0,6,3
7066,N,0,6,0
7067,Y,0,6,2
7068,N,0,6,0
7069,Y,0,6,8
7070,Y,0,6,1
7072,Y,1,3,2
7073,Y,1,6,1.22
7074,Y,1,1,2.39
7075,Y,1,1,1.6
7076,Y,1,6,6.92
7077,Y,1,1,1.38
7078,Y,1,1,1.68
7079,Y,1,1,1.6
7080,Y,1,1,1.85
7081,Y,0,1,1.9
7082,Y,1,3,1.22
7083,Y,1,6,1.61
7084,Y,1,6,1.65
7085,Y,1,6,1.16
7086,Y,1,1,1.09
7087,Y,1,1,1.19
7088,Y,1,1,1.55
7089,Y,1,1,1.75
7090,Y,1,1,1.8
7091,Y,1,6,1.94
7092,Y,1,6,1.32
7093,Y,1,6,1.69
7094,Y,2,6,2.16
7095,Y,1,1,1.85
7096,Y,2,1,2.49
7097,Y,1,1,1.5
7098,Y,1,1,1.84
7099,Y,1,1,1.69
7100,Y,1,1,1.75
7101,Y,1,1,1.85
7102,Y,0,3,4
7116,Y,1,3,5
7117,Y,1,3,2
7118,Y,1,3,1
7119,Y,1,3,1
7120,Y,1,3,7
7121,Y,1,5,5
7122,Y,1,3,8
7123,Y,1,6,4
7124,Y,1,3,7.42
7125,Y,1,3,1
7126,Y,0,3,0
7127,Y,1,6,14
7128,Y,2,6,2
7129,Y,2,3,6
7130,Y,5,6,5.5
7131,Y,2,6,2.04
7132,Y,1,3,15
7133,Y,2,6,7
7134,Y,1,3,21
7135,Y,1,3,11
7136,Y,1,6,11
7137,Y,1,3,10
7138,Y,1,3,20
7144,Y,0,1,0
7145,Y,0,1,0
7146,Y,0,1,0
7147,Y,0,1,0
7149,Y,0,1,0
7150,Y,0,1,0
7151,Y,0,1,0
7152,Y,0,1,0
7153,Y,0,1,0
7154,Y,0,1,0
7155,Y,0,1,0
7156,Y,0,1,0
7164,Y,5,1,47
7241,Y,30,1,34
7246,N,0,1,0
7247,Y,0,1,0
7249,Y,25,6,36
7250,Y,0,6,2
7251,Y,0,6,3
7252,Y,0,6,0
7253,Y,0,6,0
7254,N,0,6,0
7255,Y,0,3,3
7257,Y,2,3,10
7258,Y,2,3,8
7259,Y,2,3,9
7261,Y,0,6,7.2
7262,Y,0,1,2
7263,Y,0,1,4
7264,Y,0,1,6
7265,N,0,1,0
7266,N,0,1,0
7267,N,0,6,0
7272,N,0,6,0
7273,Y,0,6,15
7274,Y,0,1,1
7275,Y,5,5,79
7277,Y,6,3,9
7279,Y,0,5,30
7282,Y,1,1,1.95
7283,Y,1,1,2.09
7284,Y,1,1,1.53
7285,Y,1,1,1.99
7286,Y,1,1,1.46
7287,Y,1,1,1.09
7288,Y,1,1,1.39
7289,Y,1,1,1.06
7290,Y,1,1,1.98
7291,Y,1,1,1.27
7292,Y,1,1,2.13
7293,Y,1,1,5
7294,Y,1,1,1.52
7295,Y,1,1,1.9
7296,Y,1,1,1.6
7297,Y,1,1,1.25
7298,Y,1,1,1.32
7299,Y,2,1,2.7
7300,Y,1,1,1.14
7301,Y,1,1,1.05
7302,Y,1,1,1.37
7303,Y,1,1,1.73
7304,Y,1,1,1.17
7305,Y,1,1,1.68
7390,Y,1,6,1.57
7391,Y,1,6,1.87
7392,Y,1,1,1.27
7393,Y,1,1,0.67
7394,Y,0,1,0
7395,Y,1,1,2.14
7396,Y,1,1,1.87
7397,Y,1,1,1.46
7398,Y,1,1,1.54
7399,Y,1,1,1.15
7400,Y,1,1,1.55
7401,Y,0,3,4
7402,Y,14,6,22
7403,Y,0,6,2
7404,Y,2,6,12
7467,Y,23,3,34
7468,Y,35,3,55
7469,Y,8,6,12
7470,Y,46,3,54
7471,Y,20,3,25
7472,Y,54,6,40
7473,Y,31,3,42
7474,Y,31,3,47
7475,Y,38,6,36
7476,Y,14,6,18
7477,Y,12,3,12
7478,Y,14,3,20
7479,Y,20,3,29
7480,Y,9,3,16
7481,Y,0,3,5
7482,Y,2,3,7
7483,Y,0,3,8
7484,Y,0,3,24
7485,Y,0,3,32
7486,Y,0,5,6
7487,Y,0,3,19
7488,Y,0,3,20
7495,Y,0,6,4
7496,Y,0,6,32
7497,N,0,3,0
7498,N,0,3,0
7499,Y,0,3,8
7500,Y,0,3,15
7501,Y,0,6,0
7502,Y,0,6,0
7503,Y,0,6,6
7504,Y,0,1,0
7505,Y,0,6,4
7506,Y,0,6,2
7507,Y,8,3,9
7508,Y,4,5,10
7509,Y,0,6,2
7510,Y,0,6,6
7511,N,0,6,0
7512,N,0,6,0
7513,N,0,6,0
7514,N,0,1,0
7606,Y,0,7,0
7607,Y,0,1,0
7608,Y,0,1,0
7610,Y,0,1,0
7611,Y,0,1,0
7612,Y,167,6,100
7613,Y,0,1,0
7615,Y,0,1,0
7616,Y,0,1,0
7617,Y,0,1,0
7618,Y,0,1,0
7619,Y,0,1,0
7620,Y,0,1,0
7621,Y,0,1,0
7622,Y,0,1,0
7623,Y,0,1,0
7625,Y,0,1,0
7626,Y,0,1,0
7627,Y,0,1,0
7628,Y,0,1,0
7629,Y,0,1,0
7630,Y,0,1,0
7631,Y,0,1,0
7632,Y,0,1,0
7633,Y,0,1,0
7634,Y,0,1,0
7635,Y,0,1,0
7636,Y,0,1,0
7637,Y,0,1,0
7658,Y,25,3,54
7659,Y,20,3,14
7660,Y,18,3,24
7661,Y,6,3,13
7662,Y,10,3,14
7664,Y,17,3,21
7666,Y,0,5,0
7667,Y,0,3,8
7668,Y,5,3,7
7669,Y,2,3,10
7670,Y,2,3,20
7672,Y,0,1,0
7673,Y,7,1,9
7674,Y,12,1,17
7675,Y,2,3,59
7676,Y,0,3,37
7677,Y,2,3,39
7679,Y,2,6,2
7680,Y,6,5,12
7682,Y,2,5,6
7684,Y,0,3,57
7685,N,0,1,0
7686,Y,0,3,3
7687,Y,0,3,4
7688,N,0,5,0
7689,N,0,1,0
7690,Y,0,3,1
7691,Y,0,3,2
7692,Y,0,3,11
7700,Y,0,6,31
7702,Y,0,5,95
7703,Y,15,5,60
7704,Y,0,3,40
7705,Y,2,3,34
7709,Y,5,1,5
7711,Y,0,5,4
7712,Y,0,5,6
7713,Y,0,3,8
7714,Y,0,3,11
7715,Y,0,3,8
7716,Y,0,3,8
7717,Y,0,3,35
7718,Y,0,3,35
7719,Y,0,5,10
7720,Y,0,5,15
7722,N,0,5,0
7723,N,0,5,0
7724,Y,0,5,20
7726,N,0,6,0
7728,Y,0,6,0
7729,Y,0,6,4
7730,Y,0,6,0
7731,Y,0,6,10
7732,Y,0,6,8
7734,Y,4,1,4
7735,Y,4,1,4
7737,Y,0,3,19
7738,Y,0,3,21
7739,Y,0,3,9
7740,Y,0,3,38
7741,Y,0,3,9
7742,Y,0,3,10
7744,Y,0,5,113
7746,Y,0,3,4
7748,Y,9,3,32
7750,Y,0,6,12
7751,Y,0,6,0
7753,Y,11,3,12
7755,Y,0,5,8
7759,Y,2,3,9
7761,Y,0,3,9
7763,Y,2,3,3
7765,Y,0,5,19
7766,N,0,5,0
7768,Y,7,6,10
7770,Y,0,3,12
7771,Y,0,3,11
7773,Y,6,6,8
7774,Y,6,6,11
7775,N,0,3,0
7812,Y,0,1,0
7813,Y,0,1,0
7814,Y,0,1,0
7815,Y,0,1,0
7816,Y,0,1,0
7817,Y,0,1,0
7818,Y,0,1,0
7819,Y,0,1,0
7820,Y,0,1,0
7821,Y,0,1,0
7822,Y,0,1,0
7837,Y,0,5,100
7838,Y,0,5,100
7839,Y,0,5,114
7840,Y,0,5,50
7841,Y,0,5,50
7842,N,0,5,0
7843,Y,0,5,20
7844,N,0,5,0
7845,Y,0,5,20
7846,Y,0,5,20
7847,N,0,5,0
7848,Y,0,5,20
7849,Y,0,5,100
7850,Y,0,5,100
7851,Y,0,5,111
7852,Y,0,5,50
7853,Y,0,5,50
7854,N,0,5,0
7855,Y,0,5,20
7856,N,0,5,0
7857,Y,0,5,20
7858,Y,0,5,20
7859,N,0,5,0
7860,Y,0,5,20
7861,Y,0,5,50
7862,Y,0,5,50
7863,Y,0,5,65
7864,Y,0,5,50
7865,Y,0,5,20
7866,N,0,5,0
7867,Y,0,5,20
7868,N,0,5,0
7869,Y,0,5,20
7870,N,0,5,0
7871,N,0,5,0
7872,N,0,5,0
7873,Y,0,3,50
7874,Y,0,3,50
7875,Y,0,3,65
7876,Y,0,3,50
7877,Y,0,3,20
7878,N,0,3,0
7879,Y,0,3,15
7880,N,0,3,0
7881,Y,0,3,20
7882,N,0,3,0
7883,N,0,3,0
7884,N,0,3,0
7885,Y,0,5,20
7886,Y,0,5,20
7887,Y,0,5,20
7888,Y,0,5,20
7889,Y,0,5,10
7890,N,0,5,0
7891,N,0,5,0
7892,N,0,5,0
7893,N,0,5,0
7894,N,0,5,0
7895,Y,0,3,20
7896,Y,0,3,20
7897,Y,0,3,20
7898,Y,0,3,20
7899,Y,0,3,10
7900,N,0,3,0
7901,N,0,3,0
7902,N,0,3,0
7903,N,0,3,0
7904,N,0,3,0
7905,Y,0,3,186
7906,Y,0,3,198
7907,Y,0,3,221
7908,Y,0,3,192
7909,Y,0,3,98
7910,N,0,3,0
7911,Y,0,3,38
7912,N,0,3,0
7913,Y,0,3,40
7914,Y,0,3,39
7915,N,0,3,0
7916,Y,0,3,40
7917,Y,0,3,95
7918,Y,0,3,100
7919,Y,0,3,117
7920,Y,0,3,105
7921,Y,0,3,60
7922,N,0,3,0
7923,Y,0,3,19
7924,N,0,3,0
7925,Y,0,3,30
7926,N,0,3,0
7927,N,0,3,0
7928,N,0,3,0
7929,N,0,3,0
7930,N,0,3,0
7931,Y,0,3,10
7932,Y,0,3,20
7933,Y,0,3,12
7934,Y,0,3,15
7935,Y,0,3,20
7936,N,0,3,0
7937,Y,0,3,10
7938,N,0,3,0
7939,Y,0,3,10
7940,N,0,3,0
7941,N,0,3,0
7942,N,0,3,0
7943,Y,0,3,14
7944,Y,0,3,20
7945,Y,0,3,15
7946,Y,0,3,20
7947,Y,0,3,10
7948,N,0,3,0
7949,Y,0,3,6
7950,N,0,3,0
7951,Y,0,3,10
7952,N,0,3,0
7953,N,0,3,0
7954,N,0,3,0
7955,Y,0,3,40
7956,Y,0,3,40
7957,Y,0,3,46
7958,Y,0,3,40
7959,Y,0,3,40
7960,N,0,3,0
7961,Y,0,3,20
7962,N,0,3,0
7963,Y,0,3,10
7964,N,0,3,0
7965,Y,0,3,16
7966,Y,0,3,10
7967,Y,0,3,23
7968,Y,0,3,20
7969,Y,0,3,18
7970,N,0,3,0
7971,Y,0,3,10
7972,N,0,3,0
7973,Y,0,3,10
7974,N,0,3,0
7975,N,0,6,0
7976,N,0,6,0
7977,Y,0,6,6
7978,N,0,6,0
7979,N,0,6,0
7980,N,0,6,0
7981,N,0,6,0
7982,N,0,6,0
7983,N,0,6,0
7984,N,0,6,0
7985,N,0,6,0
7986,N,0,6,0
7987,N,0,6,0
7988,N,0,6,0
7989,N,0,6,0
7990,N,0,6,0
7991,N,0,6,0
7992,N,0,6,0
7993,N,0,6,0
7994,N,0,6,0
7995,Y,0,3,30
7996,Y,0,3,30
7997,Y,0,3,36
7998,Y,0,3,36
7999,Y,0,3,10
8000,N,0,3,0
8001,Y,0,3,10
8002,N,0,3,0
8003,Y,0,3,10
8004,N,0,3,0
8005,N,0,3,0
8006,N,0,3,0
8007,N,0,3,0
8008,Y,0,3,12
8009,Y,0,3,12
8010,Y,0,3,10
8011,Y,0,3,12
8012,Y,0,3,10
8013,N,0,3,0
8014,Y,0,3,5
8015,N,0,3,0
8016,N,0,3,0
8017,Y,0,3,10
8018,N,0,3,0
8019,N,0,3,0
8020,N,0,3,0
8022,N,0,5,0
8023,N,0,5,0
8024,N,0,5,0
8025,N,0,5,0
8026,N,0,5,0
8027,N,0,5,0
8028,N,0,5,0
8029,N,0,5,0
8030,N,0,5,0
8031,N,0,5,0
8032,N,0,5,0
8033,N,0,5,0
8034,N,0,5,0
8035,N,0,5,0
8036,N,0,5,0
8037,N,0,5,0
8038,N,0,5,0
8039,Y,0,5,28
8040,Y,0,5,17
8041,N,0,5,0
8042,N,0,5,0
8043,N,0,5,0
8044,N,0,5,0
8045,N,0,5,0
8046,N,0,5,0
8047,N,0,5,0
8048,N,0,5,0
8049,N,0,5,0
8050,N,0,3,0
8051,N,0,3,0
8052,N,0,3,0
8053,Y,0,3,12
8054,N,0,3,0
8055,N,0,3,0
8056,N,0,3,0
8057,N,0,3,0
8058,N,0,3,0
8059,N,0,3,0
8060,N,0,3,0
8061,N,0,3,0
8062,N,0,3,0
8064,N,0,3,0
8065,N,0,3,0
8066,N,0,3,0
8067,Y,0,3,12
8068,N,0,3,0
8069,N,0,3,0
8070,N,0,3,0
8071,N,0,3,0
8072,N,0,3,0
8073,N,0,3,0
8074,N,0,3,0
8075,N,0,3,0
8076,N,0,3,0
8077,N,0,3,0
8078,N,0,3,0
8079,N,0,3,0
8080,N,0,3,0
8081,Y,0,3,6
8082,N,0,3,0
8083,N,0,3,0
8084,N,0,3,0
8085,N,0,3,0
8086,N,0,3,0
8087,N,0,3,0
8091,N,0,3,0
8092,N,0,3,0
8093,N,0,3,0
8094,Y,0,3,6
8095,N,0,3,0
8096,N,0,3,0
8097,N,0,3,0
8098,N,0,3,0
8099,N,0,3,0
8100,N,0,3,0
8104,Y,0,3,13
8105,N,0,3,0
8106,Y,0,3,4
8107,Y,0,3,65
8108,Y,0,3,7
8109,N,0,3,0
8110,N,0,3,0
8111,N,0,3,0
8112,N,0,3,0
8113,N,0,3,0
8114,N,0,3,0
8115,N,0,3,0
8116,N,0,3,0
8117,N,0,3,0
8118,Y,0,3,17
8119,N,0,3,0
8120,N,0,3,0
8121,Y,0,3,20
8122,N,0,3,0
8123,N,0,3,0
8124,N,0,3,0
8125,N,0,3,0
8126,N,0,3,0
8127,N,0,3,0
8128,N,0,3,0
8129,N,0,3,0
8130,N,0,3,0
8131,N,0,3,0
8132,N,0,3,0
8133,N,0,3,0
8134,N,0,3,0
8135,Y,0,3,3
8136,N,0,3,0
8137,N,0,3,0
8138,N,0,3,0
8139,N,0,3,0
8140,N,0,3,0
8141,N,0,3,0
8143,N,0,3,0
8144,N,0,3,0
8145,N,0,3,0
8146,N,0,3,0
8147,Y,0,3,6
8148,N,0,3,0
8149,N,0,3,0
8150,N,0,3,0
8151,N,0,3,0
8152,N,0,1,0
8153,N,0,1,0
8155,N,0,1,0
8156,N,0,3,0
8157,N,0,3,0
8158,N,0,3,0
8159,Y,0,3,12
8160,N,0,3,0
8161,N,0,3,0
8162,N,0,3,0
8163,N,0,3,0
8164,N,0,3,0
8165,N,0,3,0
8166,N,0,3,0
8167,N,0,3,0
8168,N,0,3,0
8169,N,0,3,0
8170,N,0,3,0
8171,Y,0,3,8
8172,N,0,3,0
8173,N,0,3,0
8174,N,0,3,0
8175,N,0,3,0
8176,N,0,3,0
8177,N,0,3,0
8178,N,0,3,0
8179,N,0,3,0
8180,N,0,3,0
8181,N,0,3,0
8182,N,0,3,0
8183,Y,0,3,12
8184,N,0,3,0
8185,N,0,3,0
8186,N,0,3,0
8187,N,0,3,0
8188,N,0,3,0
8189,N,0,3,0
8190,N,0,3,0
8191,N,0,3,0
8192,N,0,3,0
8193,N,0,3,0
8194,N,0,3,0
8195,N,0,3,0
8196,Y,0,3,9
8197,N,0,3,0
8198,N,0,3,0
8199,N,0,3,0
8200,N,0,3,0
8201,N,0,3,0
8202,N,0,3,0
8203,N,0,3,0
8204,N,0,3,0
8206,N,0,3,0
8207,N,0,3,0
8208,N,0,3,0
8209,N,0,3,0
8210,N,0,3,0
8211,N,0,3,0
8212,N,0,3,0
8213,N,0,3,0
8214,N,0,3,0
8215,N,0,3,0
8216,N,0,3,0
8219,N,0,6,0
8220,N,0,6,0
8221,N,0,6,0
8222,N,0,6,0
8223,N,0,6,0
8224,N,0,6,0
8225,N,0,6,0
8226,N,0,6,0
8227,Y,0,6,3
8228,N,0,6,0
8229,N,0,6,0
8230,N,0,6,0
8231,N,0,6,0
8232,N,0,6,0
8233,N,0,6,0
8234,N,0,6,0
8235,N,0,6,0
8236,N,0,6,0
8237,N,0,6,0
8238,N,0,6,0
8239,N,0,3,0
8240,N,0,3,0
8241,N,0,3,0
8242,N,0,3,0
8243,N,0,3,0
8244,N,0,3,0
8245,N,0,3,0
8246,N,0,3,0
8247,N,0,3,0
8248,N,0,3,0
8249,N,0,3,0
8250,N,0,3,0
8252,N,0,3,0
8253,N,0,3,0
8254,N,0,3,0
8255,Y,0,3,3
8256,N,0,3,0
8257,N,0,3,0
8258,N,0,3,0
8259,N,0,3,0
8260,N,0,3,0
8261,N,0,3,0
8262,N,0,3,0
8263,N,0,3,0
8264,N,0,3,0
8265,N,0,3,0
8266,N,0,3,0
8267,N,0,3,0
8268,N,0,3,0
8269,N,0,3,0
8270,N,0,3,0
8271,N,0,3,0
8272,N,0,3,0
8273,N,0,3,0
8274,N,0,3,0
8276,N,0,1,0
8277,N,0,1,0
8278,Y,0,6,3
8279,Y,0,6,5
8280,N,0,1,0
8281,N,0,1,0
8282,N,0,1,0
8283,N,0,1,0
8284,N,0,1,0
8285,N,0,1,0
8286,N,0,1,0
8287,N,0,1,0
8288,N,0,1,0
8289,N,0,1,0
8290,N,0,1,0
8291,Y,0,6,10
8292,N,0,6,0
8293,N,0,1,0
8294,N,0,1,0
8295,N,0,1,0
8296,N,0,1,0
8297,N,0,1,0
8298,N,0,1,0
8299,N,0,1,0
8300,N,0,1,0
8301,N,0,1,0
8302,N,0,1,0
8303,N,0,1,0
8304,N,0,1,0
8305,N,0,1,0
8306,N,0,1,0
8307,N,0,1,0
8308,N,0,1,0
8309,N,0,1,0
8310,N,0,1,0
8311,N,0,1,0
8312,N,0,1,0
8313,N,0,1,0
8314,N,0,1,0
8316,Y,0,3,6
8317,N,0,1,0
8319,N,0,5,0
8320,Y,0,5,6
8321,N,0,5,0
8322,N,0,5,0
8323,N,0,5,0
8324,N,0,5,0
8325,N,0,5,0
8326,N,0,5,0
8327,N,0,1,0
8328,N,0,1,0
8329,N,0,5,0
8330,Y,0,5,6
8331,N,0,5,0
8332,N,0,5,0
8333,N,0,5,0
8334,N,0,5,0
8335,N,0,5,0
8336,N,0,5,0
8337,N,0,1,0
8338,N,0,1,0
8339,N,0,3,0
8340,Y,0,3,3
8341,N,0,3,0
8342,N,0,3,0
8343,N,0,3,0
8344,N,0,3,0
8345,N,0,3,0
8346,N,0,3,0
8349,N,0,3,0
8350,N,0,3,0
8351,N,0,3,0
8352,N,0,3,0
8353,N,0,3,0
8354,N,0,3,0
8355,N,0,3,0
8358,N,0,3,0
8359,Y,0,3,21
8360,N,0,3,0
8361,N,0,3,0
8362,N,0,3,0
8363,N,0,3,0
8364,N,0,3,0
8365,N,0,3,0
8366,N,0,1,0
8367,N,0,1,0
8368,N,0,3,0
8369,Y,0,3,9
8370,N,0,3,0
8371,N,0,3,0
8372,N,0,3,0
8373,N,0,3,0
8374,N,0,3,0
8375,N,0,1,0
8378,N,0,1,0
8379,N,0,3,0
8380,Y,0,3,5
8381,Y,0,3,5
8382,Y,0,3,4
8383,N,0,3,0
8384,N,0,1,0
8385,Y,0,3,4
8386,Y,0,3,3
8387,N,0,3,0
8388,N,0,3,0
8389,Y,0,3,2
8391,Y,0,3,4
8392,Y,0,3,18
8393,N,0,3,0
8394,Y,0,3,23
8399,Y,0,3,12
8400,Y,0,3,3
8401,Y,0,3,14
8402,Y,0,3,1
8408,N,0,6,0
8409,N,0,6,0
8410,Y,0,6,2
8411,Y,0,6,4
8412,N,0,6,0
8413,N,0,6,0
8414,N,0,6,0
8415,Y,0,6,1
8416,Y,0,6,9
8417,Y,0,6,11
8418,N,0,6,0
8419,N,0,6,0
8421,Y,0,3,0
8422,Y,0,3,0
8423,Y,0,3,0
8424,Y,0,3,0
8425,Y,0,3,0
8426,Y,0,3,0
8427,Y,0,3,0
8428,Y,0,3,0
8429,Y,4,3,8
8430,Y,6,3,14
8431,Y,0,3,0
8432,Y,0,3,10
8433,Y,0,3,0
8434,Y,0,3,0
8435,Y,0,3,6
8436,Y,0,3,0
8437,Y,0,3,0
8438,Y,0,3,0
8439,Y,5,3,14
8440,Y,10,3,9
8441,Y,0,3,0
8442,Y,0,3,1
8443,Y,4,3,13
8444,Y,4,3,4
8445,Y,7,3,12
8446,Y,0,3,0
8447,Y,0,3,0
8448,Y,0,3,1
8449,Y,15,3,24
8450,Y,0,3,8
8451,Y,0,3,0
8452,Y,6,3,22
8453,Y,2,3,7
8454,Y,0,3,0
8455,Y,4,3,10
8456,Y,0,3,0
8457,Y,0,3,0
8458,Y,4,3,11
8460,N,0,6,0
8461,Y,0,6,13
8462,Y,0,6,5
8463,Y,0,6,8
8464,Y,0,6,9
8473,Y,0,6,4
8474,Y,0,3,4
8475,Y,0,3,10
8476,Y,0,3,10
8477,Y,0,3,10
8478,Y,0,3,10
8479,Y,0,5,8
8480,Y,0,5,10
8481,Y,0,5,9
8483,Y,0,5,45
8484,N,0,1,0
8485,Y,0,5,51
8486,N,0,1,0
8487,N,0,1,0
8488,N,0,1,0
8489,N,0,1,0
8490,N,0,1,0
8491,N,0,1,0
8492,N,0,1,0
8494,N,0,1,0
8495,Y,0,6,10
8496,N,0,1,0
8497,N,0,1,0
8498,Y,0,3,28
8499,Y,0,3,3
8500,N,0,1,0
8501,N,0,1,0
8502,N,0,1,0
8503,N,0,1,0
8504,N,0,1,0
8505,N,0,1,0
8506,N,0,1,0
8507,N,0,1,0
8508,N,0,1,0
8509,N,0,1,0
8510,N,0,1,0
8511,N,0,1,0
8512,N,0,1,0
8513,N,0,1,0
8515,Y,0,6,6
8516,Y,0,1,4
8525,N,0,6,0
8526,N,0,6,0
8527,N,0,6,0
8528,N,0,3,0
8529,N,0,6,0
8531,Y,0,3,21
8532,Y,0,3,3
8533,Y,0,3,1
8535,Y,0,3,44
8536,N,0,3,0
8537,Y,0,3,2
8538,Y,0,6,13
8539,Y,0,6,13
8540,Y,0,6,10
8541,Y,0,6,3
8542,Y,0,6,13
8543,N,0,6,0
8545,Y,0,6,42
8546,Y,0,3,173
8547,Y,0,6,8
8549,Y,0,6,10
8550,Y,0,6,2
8551,Y,0,6,22
8552,Y,0,6,21
8553,Y,0,3,3
8555,Y,0,3,1
8556,N,0,3,0
8557,N,0,3,0
8558,N,0,3,1
8560,Y,0,6,4
8561,Y,0,6,2
8562,Y,0,6,17
8563,Y,0,6,5
8564,Y,0,6,3
8565,Y,0,6,52
8566,Y,0,6,15
8567,Y,0,6,0
8568,Y,0,6,0
8569,Y,0,6,21
8571,Y,10,6,51
8572,Y,2,6,50
8573,Y,10,6,5
8574,Y,10,6,21
8575,Y,10,6,13
8576,Y,10,6,26
8577,Y,11,6,20
8578,Y,10,6,18
8579,Y,6,6,6
8580,Y,10,6,14
8581,Y,6,6,73
8582,Y,6,6,30
8583,Y,6,6,28
8584,Y,38,3,115
8585,Y,22,3,218
8586,Y,2,3,20
8587,Y,21,3,39
8588,Y,0,3,21
8605,Y,0,6,98
8606,Y,0,6,49
8607,Y,0,6,49
8608,Y,0,6,48
8609,Y,0,6,48
8610,Y,0,6,18
8611,Y,0,6,5
8612,Y,0,6,20
8613,Y,0,6,10
8614,Y,0,6,9
8615,N,0,6,0
8616,Y,0,6,97
8617,Y,0,6,47
8618,Y,0,6,51
8619,Y,0,6,19
8620,Y,0,6,15
8621,Y,0,6,20
8622,Y,0,6,20
8623,Y,0,6,9
8624,Y,0,6,7
8626,Y,0,6,2.36
8627,Y,0,6,20.38
8628,Y,0,6,2.1
8629,Y,0,6,2.18
8630,Y,0,6,1.98
8631,Y,0,6,5.86
8639,Y,0,3,12
8640,Y,0,3,5
8641,Y,0,3,30
8642,Y,0,3,11
8643,Y,0,3,11
8644,Y,0,3,5
8645,N,0,3,0
8646,Y,0,3,9
8648,N,0,5,0
8649,Y,0,5,1
8650,N,0,3,0
8651,N,0,3,0
8652,N,0,3,0
8653,Y,0,3,35
8654,N,0,3,0
8656,N,0,3,0
8657,N,0,3,0
8658,N,0,3,0
8659,N,0,3,0
8660,N,0,3,0
8661,N,0,3,0
8662,N,0,3,0
8663,N,0,3,0
8664,N,0,3,0
8665,Y,0,3,2
8666,N,0,3,0
8667,N,0,3,0
8668,N,0,3,0
8669,N,0,3,0
8670,N,0,3,0
8671,N,0,3,0
8717,Y,4,7,1
8718,Y,0,1,0
8719,Y,10,1,9
8720,Y,54,6,68
8721,Y,0,7,0
8722,Y,6,6,8
8724,Y,10,3,15
8725,Y,6,1,8
8726,Y,23,3,38
8727,Y,7,3,11
8728,Y,7,1,8
8729,Y,15,3,19
8730,Y,6,3,12
8731,Y,0,1,0
8732,Y,12,3,27
8734,Y,0,7,4
8735,Y,0,1,0
8736,Y,4,1,9
8737,Y,11,6,14
8739,Y,0,1,9
8740,Y,4,1,10
8741,Y,7,1,6
8745,Y,23,3,31
8746,Y,6,3,9
8750,Y,0,6,1
8751,Y,0,6,1
8752,Y,0,6,3
8756,Y,0,6,4
8757,N,0,6,0
8758,Y,0,6,3
8760,Y,0,6,2
8761,N,0,1,0
8762,N,0,1,0
8763,N,0,1,0
8764,N,0,1,0
8765,N,0,1,0
8766,N,0,1,0
8767,N,0,1,0
8768,N,0,1,0
8769,N,0,1,0
8778,Y,0,3,860
8779,Y,0,3,1991
8781,Y,2,6,45
8782,Y,2,6,27
8783,Y,0,6,15
8784,Y,2,6,18
8785,Y,0,6,9
8786,Y,0,6,10
8787,Y,0,6,15
8788,Y,2,6,41
8789,Y,2,6,35
8790,Y,2,6,7
8791,Y,2,6,20
8792,Y,2,6,9
8793,Y,2,6,5
8794,Y,0,6,0
8795,Y,2,6,10
8796,Y,2,6,7
8797,Y,0,6,0
8798,Y,0,6,18
8799,Y,0,6,28
8800,Y,2,6,6
8801,Y,7,3,956
8802,Y,2,3,54
8824,Y,11,5,13
8834,Y,0,6,1
8836,Y,0,3,6
8866,Y,0,1,0
8867,Y,0,1,0
8868,Y,44,1,2194
8869,Y,0,1,0
8870,Y,0,1,0
8871,Y,0,1,0
8872,Y,0,1,0
8873,Y,0,1,0
8874,Y,0,1,0
8876,Y,0,1,0
8877,Y,0,6,200
8892,Y,0,1,0
8893,Y,0,1,0
8894,Y,0,1,0
8895,Y,0,1,0
8896,Y,0,1,0
8897,Y,0,1,0
8898,Y,0,1,0
8899,Y,0,1,0
8900,Y,0,1,0
8901,Y,0,1,0
8902,Y,0,1,0
8903,Y,0,1,0
8904,Y,0,1,0
8905,Y,0,1,0
8906,Y,0,1,0
8907,Y,0,1,0
8908,Y,0,6,5
8909,Y,0,1,1
8911,Y,0,3,3
8912,Y,0,3,16.6
8913,Y,0,3,12.3
8914,Y,0,3,9.3
8915,Y,0,3,10.8
8916,Y,0,3,3
8917,Y,0,3,10
8920,Y,10,6,17
8921,Y,122,1,400
8922,Y,34,6,49
8923,Y,0,1,0
8924,Y,0,1,0
8925,Y,0,1,0
8926,Y,0,1,0
8927,Y,0,1,0
8928,Y,0,1,0
8929,Y,0,1,0
8930,Y,0,1,0
8931,Y,0,1,0
8932,Y,0,1,0
8933,Y,0,1,0
8934,Y,0,1,0
8935,Y,0,1,0
8936,Y,0,1,0
8937,Y,0,1,0
8938,Y,0,1,0
8940,Y,17,6,17
8941,Y,7,6,3
8942,Y,100,6,111
8943,Y,28,6,31
8944,Y,4,6,7
8945,Y,10,6,11
8946,Y,23,6,42
8947,Y,200,6,220
8948,Y,22,6,24
8949,Y,0,6,0
8950,Y,9,6,17
8951,Y,10,6,16
8952,Y,0,6,0
8953,Y,0,6,2
8954,Y,9,6,5
8955,Y,8,6,13
8956,Y,6,6,9
8957,Y,14,6,14
8958,Y,0,6,19
8959,Y,6,6,15
8960,Y,4,6,9
8961,Y,0,6,0
8962,Y,0,6,4
8963,Y,7,6,8
8964,Y,5,3,14
8965,Y,7,3,11
8966,Y,6,3,12
8967,Y,0,3,0
8968,Y,6,3,13
8969,Y,0,3,1
8970,Y,12,3,17
8971,Y,7,3,11
8972,Y,6,3,11
8973,Y,21,3,19
8974,Y,12,3,13
8975,Y,22,3,33
8976,Y,29,3,34
8977,Y,8,6,14
8978,Y,17,6,19
8979,Y,6,3,13
8980,Y,15,3,24
8981,Y,12,3,14
8982,Y,16,6,16
8983,Y,8,6,7
8984,Y,7,6,15
8985,Y,5,6,7
8986,Y,0,6,7
8987,Y,0,6,7
8988,Y,12,6,16
8989,Y,12,6,21
8990,Y,15,6,15
8991,Y,0,6,11
8992,Y,0,6,1
8993,Y,4,6,13
8994,Y,0,6,0
8995,Y,6,6,12
8996,Y,28,6,42
8997,Y,7,6,14
8998,Y,0,6,16
8999,Y,4,6,12
9000,Y,0,6,1
9001,Y,2,6,19
9002,Y,0,6,16
9003,Y,0,6,2
9004,Y,2,6,10
9005,Y,0,6,0
9006,Y,0,6,3
9007,Y,6,6,6
9008,Y,0,6,0
9009,Y,2,6,2
9010,Y,0,6,8
9011,Y,4,6,6
9012,Y,2,6,11
9013,Y,2,6,12
9014,Y,0,6,0
9015,Y,0,6,0
9016,Y,0,6,0
9017,Y,2,6,6
9018,Y,6,6,5
9019,Y,7,6,7
9020,Y,0,6,0
9021,Y,0,6,14
9022,Y,2,6,20
9023,Y,9,6,13
9024,Y,4,6,8
9025,Y,12,6,21
9026,Y,4,6,12
9027,Y,4,6,10
9028,Y,2,6,10
9029,Y,2,6,7
9030,Y,4,3,8
9031,Y,2,3,23
9032,Y,12,3,15
9033,Y,7,3,4
9034,Y,0,3,0
9035,Y,7,3,8
9036,Y,0,6,3
9037,Y,0,6,0
9038,Y,2,6,10
9039,Y,2,6,7
9040,Y,4,6,4
9041,Y,0,6,5
9042,Y,6,3,10
9043,Y,0,3,0
9044,Y,4,3,5
9045,Y,0,6,0
9046,Y,0,6,6
9047,Y,2,6,10
9048,Y,0,6,0
9049,Y,0,6,4
9051,Y,0,1,0
9236,Y,0,6,0
9237,Y,0,6,0
9238,Y,0,6,0
9239,Y,0,6,0
9240,Y,0,6,0
9241,Y,0,6,0
9243,Y,0,6,0
9244,Y,0,6,0
9245,Y,5,6,0
9246,Y,0,6,0
9247,Y,0,6,0
9248,Y,0,6,0
9249,Y,0,6,0
9251,Y,0,6,0
9252,Y,0,6,0
9253,Y,0,6,0
9254,Y,0,6,0
9255,Y,0,6,0
9256,Y,0,6,0
9257,Y,0,6,0
9259,Y,0,6,0
9260,Y,0,6,0
9261,Y,0,6,0
9262,Y,0,6,0
9263,Y,0,6,0
9268,Y,0,6,0
9269,Y,0,6,0
9270,Y,5,6,0
9271,Y,0,6,0
9272,Y,0,6,0
9276,Y,0,6,0
9277,Y,0,6,0
9278,Y,0,6,0
9279,Y,5,6,0
9284,Y,5,6,0
9285,Y,0,6,0
9292,Y,5,6,0
9293,Y,5,6,0
9420,Y,0,6,0
9423,Y,0,6,0
9446,Y,13,3,14
9447,Y,33,3,32
9448,Y,39,3,44
9449,Y,5,3,21
9451,Y,10,1,0
9452,Y,5,1,0
9453,Y,5,1,0
9454,Y,0,1,0
9455,Y,0,1,0
9456,Y,0,1,0
9457,Y,0,6,401
9458,Y,0,6,0
9459,Y,0,6,0
9461,Y,0,1,0
9462,Y,0,1,0
9463,Y,0,1,0
9464,Y,0,1,0
9465,Y,0,1,0
9466,Y,0,1,0
9467,Y,0,1,0
9468,Y,0,1,0
9469,Y,0,1,0
9470,Y,0,1,0
9471,Y,0,1,0
9472,Y,0,1,0
9473,Y,0,1,0
9474,Y,0,1,0
9475,Y,0,1,0
9476,Y,0,1,0
9477,Y,0,1,0
9478,Y,0,1,0
9479,Y,0,1,0
9480,Y,0,1,0
9481,Y,0,1,0
9482,Y,0,1,0
9483,Y,0,1,0
9484,Y,0,1,0
9485,Y,0,1,0
9493,Y,0,6,0
9494,Y,0,6,0
9495,Y,0,6,0
9496,Y,0,1,0
9497,Y,0,1,7
9498,Y,2,1,12
9499,Y,0,1,0
9500,Y,0,1,0
9501,Y,0,1,4
9502,Y,0,7,4
9503,Y,0,6,0
9504,Y,0,1,0
9505,Y,0,1,0
9506,Y,0,1,0
9507,Y,0,1,5
9508,Y,0,1,6
9509,Y,0,1,4
9510,Y,0,1,0
9511,Y,0,1,0
9512,Y,4,7,5
9513,N,0,1,0
9514,Y,0,1,0
9515,Y,0,1,0
9516,Y,0,1,0
9517,Y,2,1,7
9518,Y,0,1,4
9519,Y,0,1,3
9520,Y,0,1,0
9521,Y,0,1,0
9522,Y,0,7,3
9523,Y,0,6,0
9524,Y,0,6,0
9525,Y,0,6,0
9526,Y,0,6,0
9527,Y,0,1,5
9528,Y,2,1,5
9529,Y,0,1,0
9530,Y,0,1,0
9531,Y,6,1,6
9532,Y,4,7,7
9533,Y,17,5,22
9534,Y,0,5,0
9535,Y,15,3,19
9536,Y,0,3,0
9537,Y,2,3,11
9538,Y,19,5,2
9539,Y,0,5,0
9540,Y,7,3,5
9541,Y,0,3,0
9542,Y,11,3,18
9543,Y,0,5,0
9544,Y,0,5,0
9545,Y,0,3,0
9546,Y,28,3,29
9547,Y,0,3,0
9548,Y,0,3,0
9549,Y,0,1,0
9550,Y,0,1,0
9551,Y,0,3,0
9552,Y,0,5,0
9553,Y,0,3,0
9554,Y,29,3,33
9555,Y,0,3,0
9556,Y,2,3,8
9557,Y,0,1,0
9558,Y,0,1,0
9559,Y,0,3,0
9560,Y,0,3,0
9561,Y,0,3,0
9562,Y,26,3,42
9563,Y,0,3,0
9564,Y,2,3,1
9565,Y,0,1,0
9566,Y,0,1,0
9567,Y,0,5,0
9568,Y,0,5,0
9569,Y,0,3,0
9570,Y,0,3,0
9571,Y,20,3,23
9572,Y,0,3,0
9573,Y,0,1,0
9574,Y,0,1,0
9575,Y,0,1,0
9576,Y,0,7,0
9577,Y,0,5,0
9578,Y,0,5,0
9579,Y,0,3,0
9580,Y,0,3,0
9581,Y,17,3,22
9582,Y,0,3,5
9583,Y,0,1,0
9584,Y,0,1,0
9585,Y,0,1,0
9586,Y,0,7,0
9587,Y,0,5,0
9588,Y,0,5,0
9589,Y,0,3,0
9590,Y,0,3,0
9591,Y,10,3,12
9592,Y,0,3,0
9593,Y,0,1,0
9594,Y,0,1,0
9595,Y,0,1,0
9596,Y,0,7,0
9597,Y,7,1,10
9598,Y,8,1,10
9599,Y,7,1,9
9600,Y,0,1,0
9601,Y,6,1,6
9602,Y,5,1,7
9603,Y,0,1,0
9604,Y,0,1,0
9605,Y,2,1,10
9606,Y,0,1,0
9607,Y,0,5,0
9608,Y,0,3,0
9609,Y,0,3,0
9610,Y,2,6,11
9611,Y,4,3,4
9612,Y,2,3,9
9613,Y,0,1,0
9614,Y,0,1,0
9615,Y,0,1,0
9616,Y,0,1,0
9617,Y,4,1,6
9618,Y,0,1,0
9619,Y,0,1,0
9620,Y,0,7,0
9621,Y,41,5,64
9622,Y,47,3,50
9623,Y,30,3,35
9624,Y,42,3,71
9625,Y,20,3,27
9626,Y,39,3,50
9627,Y,14,3,18
9629,Y,10,3,17
9630,Y,20,3,19
9631,Y,17,3,20
9632,Y,15,3,7
9637,Y,17,3,13
9638,Y,46,3,63
9639,Y,32,3,47
9640,Y,16,3,24
9648,Y,25,6,25
9649,Y,12,6,14
9650,Y,5,6,8
9651,Y,4,6,9
9652,Y,0,6,1
9653,Y,0,6,0
9654,Y,4,6,6
9655,Y,9,6,12
9656,Y,8,6,8
9657,Y,14,6,23
9658,Y,0,6,0
9659,Y,7,6,14
9660,Y,21,6,22
9661,Y,17,6,17
9662,Y,13,6,14
9664,Y,0,3,1
9665,Y,6,3,9
9666,Y,0,3,0
9667,Y,9,3,12
9668,Y,0,3,0
9670,Y,5,3,13
9671,Y,6,3,14
9675,Y,9,3,17
9676,Y,8,3,14
9677,Y,0,3,0
9678,Y,7,3,11
9679,Y,0,3,9
9680,Y,0,3,0
9681,Y,0,3,10
9682,Y,0,3,7
9684,Y,0,6,9
9685,Y,0,6,0
9686,N,0,6,0
9687,N,0,6,0
9689,Y,10,3,19
9690,Y,0,3,0
9691,Y,0,3,0
9692,Y,11,3,16
9693,Y,0,3,5
9694,Y,22,3,26
9695,Y,5,3,7
9696,Y,12,3,18
9697,Y,0,3,0
9698,Y,9,3,16
9699,Y,0,3,3
9700,Y,5,3,7
9701,Y,10,3,14
9702,Y,2,3,6
9703,Y,4,3,5
9704,Y,4,3,6
9705,Y,7,3,13
9706,Y,0,3,0
9707,Y,0,3,0
9708,Y,6,3,14
9709,Y,6,3,6
9710,Y,2,3,2
9711,Y,0,3,0
9712,Y,0,3,0
9713,Y,0,6,0
9714,Y,6,3,14
9715,Y,0,3,10
9716,Y,10,3,19
9717,Y,0,3,0
9718,Y,0,3,0
9719,Y,9,3,13
9720,Y,0,3,12
9721,Y,0,3,0
9722,Y,5,3,9
9723,Y,0,3,0
9724,Y,0,3,1
9725,Y,0,3,0
9726,Y,0,3,0
9727,Y,0,3,0
9728,Y,2,3,2
9729,Y,2,3,10
9730,Y,0,3,2
9731,Y,2,3,11
9827,Y,0,1,0
9828,Y,0,1,0
9829,Y,0,1,0
9830,Y,0,1,0
9831,Y,0,1,0
9832,Y,0,1,0
9833,Y,0,1,0
9834,Y,0,1,0
9835,Y,0,1,0
9836,Y,0,1,0
9837,Y,0,1,0
10719,Y,0,1,0
10726,Y,12,3,20
10727,Y,0,3,2
10735,Y,15,6,20
10736,Y,17,6,22
10737,Y,2,6,11
10743,Y,0.5,1,1
10745,Y,0,1,0
10746,Y,0,1,0
10747,Y,0,1,0
10748,Y,0,1,0
10752,Y,0,1,0
10754,Y,0,1,0
10756,Y,0,1,0
10757,Y,0,1,0
10758,Y,0,1,0
10759,Y,0,7,0
10760,Y,0,8,0
10761,Y,0,8,0
10762,Y,0,8,4
10763,Y,0,6,8
10764,Y,9,6,12
10765,Y,16,3,20
10766,Y,10,3,13
10767,Y,18,3,19
10768,Y,10,3,17
10769,Y,15,3,17
10770,Y,8,3,8
10771,Y,11,5,11
10772,Y,15,3,23
10773,Y,0,6,15
10774,Y,0,6,15
10775,Y,0,6,11
10776,Y,2,6,11
10777,Y,0,6,8
10778,Y,2,6,7
10779,Y,1,3,10
10780,Y,0,6,0
10781,Y,1,6,8
10782,Y,0,6,12
10783,Y,0,1,15
10784,Y,0,1,1
10785,Y,0,6,12
10786,Y,0,1,2
10787,Y,2,1,6
10788,Y,0,6,2
10789,Y,0,1,0
10790,Y,0,1,0
10791,Y,2,1,11
10792,Y,0,1,7
10793,Y,0,1,3
10794,Y,2,6,6
10795,Y,0,1,5
10796,Y,2,1,5
10797,Y,2,6,3
10798,Y,0,1,3
10799,Y,1,1,4
10800,Y,15,6,18
10801,Y,2,3,5
10802,Y,0,3,0
10803,Y,9,3,9
10804,Y,14,6,7
10805,Y,6,6,7
10806,Y,2,6,10
10807,Y,9,6,16
10808,Y,13,3,26
10809,Y,0,3,0
10810,Y,0,3,0
10811,Y,0,3,41
10812,Y,0,6,0
10813,Y,2,3,11
10814,Y,4,6,59
10815,Y,0,3,0
10816,Y,4,6,21
10818,Y,50,5,220
10819,Y,100,3,187
10820,Y,0,3,1
10821,Y,12,3,107
10822,Y,2,3,13
10823,Y,4,3,9
10824,Y,9,3,100
10825,Y,0,3,0
10826,Y,0,3,3
10827,Y,0,3,0
10828,Y,2,3,7
10829,Y,2,3,8
10830,Y,2,1,9
10831,Y,0,1,0
10832,Y,0,3,3
10833,Y,0,6,18
10834,Y,0,6,8
10835,Y,2,6,7
10837,N,0,3,0
10838,Y,2,5,8
10839,Y,0,3,10
10841,Y,0,6,5
10842,Y,0,5,13
10843,N,0,5,11
10844,N,0,5,13
10845,N,0,5,12
10846,N,0,5,21
10847,N,0,5,13
10848,N,0,5,11
10849,N,0,5,36
10850,Y,2,6,2
10854,Y,0,1,1
10855,Y,0,1,0
10858,Y,1,1,2
10859,Y,0,1,0
10860,Y,0,1,0
10861,Y,20,3,47
10863,Y,20,3,22
10864,Y,20,3,50
10865,Y,15,5,16
10880,Y,9,6,253
10881,Y,11,6,14
10882,Y,10,6,13
10895,Y,0,1,0
10896,Y,0,1,0
10897,Y,0,1,0
10898,Y,40,1,295
10899,Y,0,1,4
10900,Y,2,1,47
10901,Y,1,1,2.5
10902,Y,50,1,100
10903,Y,50,1,100
10904,Y,0,1,75
10905,Y,50,1,100
10906,Y,4,1,4
10907,Y,20,1,1
10908,Y,1,1,3
10909,Y,1,1,3
10910,Y,1,1,3
10911,Y,1,1,3
10912,Y,1,1,3
10913,Y,1,1,3
10914,Y,1,1,3
10915,Y,1,1,3
10916,Y,1,1,3
10917,Y,1,1,3
10918,Y,1,1,3
10919,Y,1,1,3
10920,Y,1,1,3
10921,Y,1,1,3
10922,Y,1,1,3
10923,Y,1,1,3
10924,Y,1,1,3
10925,Y,1,1,3
10926,Y,1,1,3
10927,Y,1,1,3
10928,Y,1,1,3
10929,Y,1,1,3
10930,Y,1,1,3
10931,Y,1,1,3
10932,Y,1,1,3
10933,Y,1,1,3
10934,Y,1,1,3
10935,Y,0,1,3
10936,Y,0,1,0
10937,Y,0,1,0
10938,Y,0,1,0
10939,Y,0,1,0
10964,Y,0,6,0
10966,N,0,1,0
10967,N,0,1,0
10968,N,0,1,0
10969,N,0,1,0
10970,N,0,1,0
10971,N,0,1,0
10973,Y,0,1,0
10974,Y,0,6,0
10975,Y,20,1,49
10976,Y,0,1,0
10978,Y,3000,1,7523
10979,Y,20,1,321
10981,Y,30,1,52
10983,Y,0,1,0
10984,N,0,1,0
10985,Y,0,1,0
10986,Y,3,1,3
10992,Y,0,6,0
10993,Y,0,6,0
10994,Y,0,3,0
10995,Y,0,1,0
10996,Y,0,1,0
10997,Y,0,1,0
10998,Y,0,6,0
10999,Y,0,1,0
11000,Y,0,1,0
11001,Y,0,1,0
11002,Y,0,1,0
11007,Y,0,1,0
11008,Y,0,1,0
11009,Y,0,1,0
11010,Y,0,1,0
11011,Y,0,6,0
11012,Y,0,6,0
11013,Y,0,6,0
11014,Y,0,6,0
11015,Y,0,6,0
11017,Y,0,6,0
11018,Y,0,6,0
11019,Y,0,6,0
11020,Y,6,6,6
11021,Y,0,3,0
11022,Y,0,3,0
11023,Y,0,3,0
11024,Y,0,3,0
11025,Y,0,3,0
11026,Y,0,3,0
11027,Y,0,6,0
11028,Y,0,6,0
11029,Y,0,6,0
11030,Y,0,6,0
11031,Y,0,6,0
11032,Y,0,6,0
11033,Y,0,6,0
11034,Y,0,6,0
11035,Y,0,6,0
11036,Y,0,6,2
11037,Y,0,6,0
11038,Y,0,6,0
11039,Y,0,6,0
11040,Y,0,6,0
11041,Y,0,6,0
11042,Y,0,6,0
11043,Y,0,6,2
11044,Y,0,6,0
11045,Y,0,6,0
11046,Y,0,6,0
11047,Y,3,6,4
11048,Y,0,6,0
11049,Y,0,6,0
11050,Y,0,6,0
11051,Y,6,6,6
11052,Y,0,6,0
11053,Y,0,6,0
11054,Y,0,6,0
11055,Y,0,6,0
11056,Y,0,6,0
11057,Y,0,6,0
11058,Y,0,6,0
11059,Y,0,6,0
11060,Y,0,6,0
11061,Y,0,6,0
11062,Y,0,6,0
11063,Y,0,6,0
11064,Y,0,6,3
11065,Y,0,6,0
11066,Y,0,6,0
11067,Y,0,6,0
11068,Y,6,6,6
11069,Y,0,1,0
11070,Y,0,1,0
11071,Y,0,1,0
11072,Y,0,6,1
11073,Y,0,1,0
11074,Y,0,1,0
11075,Y,0,1,0
11076,Y,0,1,0
11077,Y,0,1,0
11078,Y,0,1,0
11079,Y,0,1,0
11080,Y,0,6,0
11081,Y,0,1,0
11082,Y,0,1,0
11083,Y,0,1,0
11084,Y,2,1,2
11085,Y,0,1,0
11086,Y,0,1,0
11087,Y,0,1,0
11088,Y,0,1,1
11090,N,0,3,0
11097,N,0,6,0
11098,Y,0,1,0
11100,Y,0,6,0
11101,Y,0,6,0
11102,Y,0,6,0
11103,Y,0,6,0
11104,Y,0,6,0
11105,Y,0,6,0
11106,Y,0,6,0
11107,Y,0,6,0
11108,Y,0,6,0
11109,Y,0,1,0
11110,Y,0,1,0
11111,Y,0,1,0
11112,N,0,1,0
11113,N,0,1,0
11114,N,0,1,0
11115,N,0,1,0
11116,N,0,1,0
11117,N,0,1,0
11118,N,0,1,0
11119,Y,0,6,0
11120,Y,0,6,0
11121,N,0,3,0
11122,Y,0,6,0
11123,Y,0,6,0
11124,Y,0,6,0
11125,Y,0,3,0
11157,Y,4,6,0
11219,Y,0,1,0
11220,Y,0,5,0
11221,Y,0,5,0
11222,Y,0,1,0
11223,Y,0,3,0
11224,Y,0,3,0
11225,Y,0,1,0
11226,Y,0,3,0
11227,Y,0,3,0
11228,Y,0,1,0
11229,Y,0,3,0
11230,Y,0,3,0
11231,Y,0,1,0
11232,Y,0,5,0
11233,Y,0,5,0
11234,Y,0,1,0
11235,Y,0,3,0
11236,Y,0,3,0
11237,Y,0,1,0
11238,Y,0,3,0
11239,Y,0,3,0
11240,Y,0,1,0
11241,Y,0,3,0
11242,Y,0,3,0
11247,Y,0,5,0
11248,Y,0,3,0
11249,Y,0,5,0
11250,Y,0,5,0
11251,Y,0,3,0
11252,Y,0,5,0
11253,Y,0,3,0
11254,Y,0,5,0
11255,Y,0,3,0
11256,Y,0,3,0
11257,Y,0,3,0
11258,Y,0,3,0
11259,Y,0,3,0
11260,Y,0,3,0
11261,Y,0,3,0
11262,Y,0,5,0
11263,Y,0,3,0
11264,Y,0,5,0
11265,Y,0,3,0
11266,Y,0,5,0
11267,Y,0,3,0
11268,Y,0,3,0
11269,Y,0,3,0
11270,Y,0,3,0
11271,Y,0,5,0
11272,Y,0,3,0
11273,Y,0,3,0
11274,Y,0,5,0
11275,Y,0,5,0
11276,Y,0,3,0
11277,Y,0,5,0
11278,Y,0,5,0
11279,Y,0,3,0
11280,Y,0,5,0
11281,Y,0,3,0
11282,Y,0,5,0
11283,Y,0,3,0
11284,Y,0,5,0
11285,Y,0,3,0
11286,Y,0,3,0
11287,Y,0,5,0
11288,Y,0,5,0
11289,Y,0,5,0
11290,Y,0,5,0
11291,Y,0,5,0
11292,Y,0,3,0
11293,Y,0,5,0
11294,Y,0,3,0
11295,Y,0,5,0
11296,Y,0,3,0
11297,Y,0,5,0
11298,Y,0,3,0
11299,Y,0,3,0
11300,Y,0,3,0
11301,Y,0,5,0
11302,Y,0,5,0
11303,Y,0,3,0
11304,Y,0,3,0
11305,Y,0,3,0
11306,Y,0,3,0
11307,Y,0,5,0
11308,Y,0,5,0
11309,Y,0,5,0
11310,Y,0,5,0
11311,Y,0,3,0
11312,Y,0,3,0
11313,Y,0,3,0
11314,Y,0,3,0
11315,Y,0,5,0
11316,Y,0,5,0
11317,Y,0,3,0
11318,Y,0,5,0
11319,Y,0,3,0
11320,Y,0,5,0
11321,Y,0,3,0
11322,Y,0,5,0
11323,Y,0,3,0
11324,Y,0,5,0
11325,Y,0,5,0
11326,Y,0,3,0
11327,Y,0,5,0
11328,Y,0,3,0
11329,Y,0,3,0
11330,Y,0,5,0
11331,Y,0,5,0
11332,Y,0,3,0
11333,Y,0,5,0
11334,N,0,1,0
11335,Y,0,3,0
11336,Y,0,5,0
11337,Y,0,5,0
11338,Y,0,5,0
11339,Y,0,3,0
11340,Y,0,5,0
11341,Y,0,5,0
11342,Y,0,3,0
11343,Y,0,3,0
11344,Y,0,5,0
11345,Y,0,3,0
11346,Y,0,5,0
11347,Y,0,5,0
11348,Y,0,3,0
11349,Y,0,5,0
11350,Y,0,5,0
11351,Y,0,5,0
11352,Y,0,3,0
11353,Y,0,3,0
11354,Y,0,5,0
11355,Y,0,3,0
11356,Y,0,3,0
11357,Y,0,3,0
11358,Y,0,3,0
11359,Y,0,5,0
11360,Y,0,3,0
11361,Y,0,5,0
11362,Y,0,5,0
11363,Y,0,3,0
11364,Y,0,5,0
11365,Y,0,3,0
11366,Y,0,3,0
11367,Y,0,3,0
11368,Y,0,5,0
11369,Y,0,5,0
11370,Y,0,3,0
11371,Y,0,3,0
11372,Y,0,5,0
11373,Y,0,5,0
11374,Y,0,3,0
11375,Y,0,3,0
11376,Y,0,5,0
11377,Y,0,3,0
11378,Y,0,5,0
11379,Y,0,3,0
11380,Y,0,3,0
11381,Y,0,5,0
11382,Y,0,5,0
11383,Y,0,5,0
11384,Y,0,5,0
11385,Y,0,3,0
11386,Y,0,3,0
11387,Y,0,5,0
11388,Y,0,3,0
11389,Y,0,3,0
11390,Y,0,5,0
11391,Y,0,3,0
11392,Y,0,5,0
11393,Y,0,5,0
11394,Y,0,3,0
11395,Y,0,5,0
11396,Y,0,3,0
11397,Y,0,5,0
11398,Y,0,5,0
11399,Y,0,3,0
11400,Y,0,5,0
11401,Y,0,5,0
11402,Y,0,5,0
11403,Y,0,3,0
11404,Y,0,5,0
11405,Y,0,3,0
11406,Y,0,3,0
11407,Y,0,3,0
11408,Y,0,5,0
11409,Y,0,5,0
11410,Y,0,5,0
11411,Y,0,5,0
11412,Y,0,5,0
11413,Y,0,5,0
11414,Y,0,5,0
11415,Y,0,5,0
11416,Y,0,5,0
11417,Y,0,5,0
11418,Y,0,5,0
11419,Y,0,5,0
11420,Y,0,5,0
11421,Y,0,5,0
11422,Y,0,5,0
11423,Y,0,5,0
11424,Y,0,3,0
11425,Y,0,5,0
11426,Y,0,5,0
11427,Y,0,3,0
11428,Y,0,5,0
11429,Y,0,5,0
11430,Y,0,3,0
11431,Y,0,5,0
11432,Y,0,5,0
11433,Y,0,3,0
11434,Y,0,5,0
11435,Y,0,3,0
11436,Y,0,5,0
11437,Y,0,3,0
11438,Y,0,3,0
11439,Y,0,3,0
11440,Y,0,3,0
11441,Y,0,3,0
11442,Y,0,5,0
11443,Y,0,3,0
11444,Y,0,5,0
11445,Y,0,3,0
11446,Y,0,3,0
11447,Y,0,5,0
11448,Y,0,3,0
11449,Y,0,3,0
11450,Y,0,3,0
11451,Y,0,5,0
11452,Y,0,3,0
11453,Y,0,3,0
11454,Y,0,3,0
11455,Y,0,5,0
11456,Y,0,3,0
11457,Y,0,5,0
11458,Y,0,3,0
11459,Y,0,5,0
11460,Y,0,3,0
11461,Y,0,3,0
11462,Y,0,3,0
11463,Y,0,3,0
11464,Y,0,3,0
11465,Y,0,5,0
11466,Y,0,3,0
11467,Y,0,3,0
11468,Y,0,3,0
11469,Y,0,3,0
11470,Y,0,3,0
11471,Y,0,3,0
11472,Y,0,3,0
11473,Y,0,5,0
11474,Y,0,3,0
11475,Y,0,5,0
11476,Y,0,5,0
11477,Y,0,3,0
11478,Y,0,3,0
11479,Y,0,5,0
11480,Y,0,3,0
11481,Y,0,5,0
11482,Y,0,3,0
11483,Y,0,5,0
11484,Y,0,3,0
11485,Y,0,5,0
11486,Y,0,3,0
11487,Y,0,3,0
11488,Y,0,3,0
11489,Y,0,5,0
11490,Y,0,3,0
11491,Y,0,3,0
11492,Y,0,5,0
11493,Y,0,3,0
11494,Y,0,3,0
11495,Y,0,3,0
11496,Y,0,3,0
11497,Y,0,3,0
11498,Y,0,3,0
11499,Y,0,3,0
11500,Y,0,3,0
11501,Y,0,3,0
11502,Y,0,3,0
11503,Y,0,3,0
11504,Y,0,3,0
11505,Y,0,5,0
11506,Y,0,3,0
11507,Y,0,3,0
11508,Y,0,5,0
11509,Y,0,5,0
11510,Y,0,5,0
11511,Y,0,5,0
11512,Y,0,5,0
11513,Y,0,3,0
11514,Y,0,5,0
11515,Y,0,5,0
11516,Y,0,5,0
11517,Y,0,3,0
11518,Y,0,5,0
11519,Y,0,3,0
11520,Y,0,5,0
11521,Y,0,5,0
11522,Y,0,3,0
11523,Y,0,5,0
11524,Y,0,3,0
11525,Y,0,5,0
11526,Y,0,3,0
11527,Y,0,3,0
11528,Y,0,5,0
11529,Y,0,5,0
11530,Y,0,5,0
11531,Y,0,5,0
11532,Y,0,5,0
11533,Y,0,5,0
11534,Y,0,3,0
11535,Y,0,3,0
11536,Y,0,5,0
11537,Y,0,5,0
11538,Y,0,3,0
11539,Y,0,5,0
11540,Y,0,3,0
11541,Y,0,3,0
11542,Y,0,5,0
11543,Y,0,3,0
11544,Y,0,5,0
11545,Y,0,3,0
11546,Y,0,3,0
11547,Y,0,5,0
11548,Y,0,3,0
11549,Y,0,3,0
11550,Y,0,3,0
11551,Y,0,5,0
11552,Y,0,5,0
11553,Y,0,3,0
11554,Y,0,3,0
11555,Y,0,3,0
11556,Y,0,5,0
11557,Y,0,3,0
11558,Y,0,3,0
11559,Y,0,5,0
11560,Y,0,5,0
11561,Y,0,3,0
11562,Y,0,3,0
11563,Y,0,5,0
11564,Y,0,3,0
11565,Y,0,5,0
11566,Y,0,3,0
11567,Y,0,3,0
11568,Y,0,3,0
11569,Y,0,5,0
11570,Y,0,5,0
11571,Y,0,5,0
11572,Y,0,5,0
11573,Y,0,3,0
11574,Y,0,5,0
11575,Y,0,5,0
11576,Y,0,3,0
11577,Y,0,5,0
11578,Y,0,3,0
11579,Y,0,5,0
11580,Y,0,5,0
11581,Y,0,3,0
11582,Y,0,5,0
11583,Y,0,3,0
11584,Y,0,3,0
11585,Y,0,5,0
11586,Y,0,5,0
11587,Y,0,3,0
11588,Y,0,3,0
11589,Y,0,5,0
11590,Y,0,5,0
11591,Y,0,3,0
11592,Y,0,5,0
11593,Y,0,5,0
11594,Y,0,5,0
11595,Y,0,5,0
11596,Y,0,5,0
11597,Y,0,5,0
11598,Y,0,5,0
11599,Y,0,3,0
11600,Y,0,5,0
11601,Y,0,3,0
11602,Y,0,5,0
11603,Y,0,3,0
11604,Y,0,5,0
11605,Y,0,3,0
11606,Y,0,5,0
11607,Y,0,5,0
11608,Y,0,3,0
11609,Y,0,5,0
11610,Y,0,3,0
11611,Y,0,5,0
11612,Y,0,3,0
11613,Y,0,3,0
11614,Y,0,3,0
11615,Y,0,3,0
11616,Y,0,5,0
11617,Y,0,3,0
11618,Y,0,5,0
11619,Y,0,3,0
11620,Y,0,3,0
11621,Y,0,3,0
11622,Y,0,5,0
11623,Y,0,3,0
11624,Y,0,3,0
11625,Y,0,6,0
11626,Y,0,3,0
11627,Y,0,5,0
11628,Y,0,3,0
11629,Y,0,3,0
11630,N,0,3,0
11631,Y,0,3,0
11632,Y,0,5,0
11633,Y,0,3,0
11634,Y,0,5,0
11635,Y,0,3,0
11636,Y,0,6,0
11637,Y,0,5,0
11638,Y,0,6,0
11639,Y,0,3,0
11640,Y,0,3,0
11641,Y,0,5,0
11642,Y,0,5,0
11643,Y,0,3,0
11644,Y,0,6,0
11645,Y,0,5,0
11646,Y,0,5,0
11647,Y,0,5,0
11648,Y,0,3,0
11649,Y,0,6,0
11650,Y,0,3,0
11651,Y,0,3,0
11652,Y,0,3,0
11653,Y,0,3,0
11654,Y,0,3,0
11655,Y,0,3,0
11656,Y,0,3,0
11657,Y,0,3,0
11658,Y,0,3,0
11659,Y,0,3,0
11660,Y,0,5,0
11661,Y,0,3,0
11662,Y,0,3,0
11663,Y,0,5,0
11664,Y,0,3,0
11665,Y,0,3,0
11666,Y,0,3,0
11667,Y,0,3,0
11668,Y,0,3,0
11669,Y,0,5,0
11670,Y,0,3,0
11671,Y,0,3,0
11672,Y,0,3,0
11673,Y,0,3,0
11674,Y,0,3,0
11675,Y,0,3,0
11676,Y,0,3,0
11677,Y,0,3,0
11678,Y,0,3,0
11679,Y,0,3,0
11680,Y,0,3,0
11681,Y,0,3,0
11682,Y,0,3,0
11683,Y,0,3,0
11684,Y,0,3,0
11685,Y,0,3,0
11686,Y,0,3,0
11687,Y,0,3,0
11688,Y,0,3,0
11689,Y,0,3,0
11690,Y,0,3,0
11691,Y,0,3,0
11692,Y,0,3,0
11693,Y,0,3,0
11694,Y,0,3,0
11695,Y,0,3,0
11696,Y,0,3,0
11697,Y,0,3,0
11698,Y,0,3,0
11699,Y,0,3,0
11700,Y,0,3,0
11701,Y,0,3,0
11702,Y,0,3,0
11703,Y,0,3,0
11704,Y,0,3,0
11705,Y,0,3,0
11706,Y,0,3,0
11707,Y,0,3,0
11708,Y,0,3,0
11709,Y,0,5,0
11710,Y,0,5,0
11711,Y,0,5,0
11712,Y,0,5,0
11713,Y,0,3,0
11714,Y,0,3,0
11715,Y,0,3,0
11716,Y,0,3,0
11717,Y,0,3,0
11718,Y,0,3,0
11719,Y,0,3,0
11720,Y,0,3,0
11721,Y,0,3,0
11722,Y,0,3,0
11723,Y,0,3,0
11724,Y,0,3,0
11725,Y,0,3,0
11726,Y,0,3,0
11727,Y,0,3,0
11728,Y,0,3,0
11729,Y,0,3,0
11730,Y,0,3,0
11731,Y,0,3,0
11732,Y,0,3,0
11733,Y,0,3,0
11734,Y,0,3,0
11735,Y,0,3,0
11736,Y,0,3,0
11737,Y,0,3,0
11738,Y,0,5,0
11739,Y,0,3,0
11740,Y,0,3,0
11741,Y,0,3,0
11742,Y,0,5,0
11743,Y,0,3,0
11744,Y,0,3,0
11745,Y,0,3,0
11746,Y,0,3,0
11747,Y,0,3,0
11748,Y,0,3,0
11749,Y,0,5,0
11750,Y,0,3,0
11751,Y,0,5,0
11752,Y,0,3,0
11753,Y,0,3,0
11754,Y,0,3,0
11755,Y,0,3,0
11756,Y,0,3,0
11757,Y,0,3,0
11758,Y,0,3,0
11759,Y,0,3,0
11760,Y,0,3,0
11761,Y,0,3,0
11762,Y,0,3,0
11763,Y,0,3,0
11764,Y,0,3,0
11765,Y,0,3,0
11766,Y,0,3,0
11767,Y,0,3,0
11768,Y,0,3,0
11769,Y,0,3,0
11770,Y,0,5,0
11771,Y,0,5,0
11772,Y,0,3,0
11773,Y,0,5,0
11774,Y,0,3,0
11775,Y,0,3,0
11776,Y,0,3,0
11777,Y,0,3,0
11778,Y,0,3,0
11779,Y,0,3,0
11780,Y,0,3,0
11781,Y,0,3,0
11782,Y,0,3,0
11783,Y,0,3,0
11784,Y,0,3,0
11785,Y,0,3,0
11786,Y,0,3,0
11787,Y,0,3,0
11788,Y,0,3,0
11789,Y,0,3,0
11790,Y,0,3,0
11791,Y,0,6,0
11792,Y,0,3,0
11793,Y,0,3,0
11794,Y,0,3,0
11795,Y,0,3,0
11796,Y,0,3,0
11797,Y,0,3,0
11798,Y,0,3,0
11799,Y,0,3,0
11800,Y,0,3,0
11801,Y,0,6,0
11802,Y,0,3,0
11803,Y,0,3,0
11804,Y,0,6,0
11805,Y,0,3,0
11806,Y,0,3,0
11807,Y,0,3,0
11808,Y,0,3,0
11809,Y,0,6,0
11810,Y,0,6,0
11811,Y,0,6,0
11812,Y,0,3,0
11813,Y,0,3,0
11814,Y,0,3,0
11815,Y,0,3,0
11816,Y,0,3,0
11817,Y,0,6,0
11818,Y,0,3,0
11819,Y,0,3,0
11820,Y,0,3,0
11821,Y,0,3,0
11822,Y,0,6,0
11823,Y,0,6,0
11824,Y,0,6,0
11825,Y,0,6,0
11826,Y,0,3,0
11827,Y,0,3,0
11828,Y,0,3,0
11829,Y,0,3,0
11830,Y,0,6,0
11831,Y,0,6,0
11832,Y,0,1,0
11833,Y,0,6,0
11834,Y,0,6,0
11835,Y,0,1,0
11836,Y,0,6,0
11837,Y,0,6,0
11838,Y,0,1,0
11839,Y,0,1,0
11840,Y,0,1,0
11841,Y,0,1,0
11842,Y,0,6,0
11843,Y,0,6,0
11844,Y,0,6,0
11845,Y,0,1,0
11846,Y,0,6,0
11847,Y,0,6,0
11848,Y,0,6,0
11849,Y,0,1,0
11850,Y,0,6,0
11851,Y,0,6,0
11852,Y,0,1,0
11853,Y,0,6,0
11854,Y,0,6,0
11855,Y,0,1,0
11856,Y,0,6,0
11857,Y,0,6,0
11858,Y,0,1,0
11859,Y,0,1,0
11860,Y,0,1,0
11861,Y,0,1,0
11862,Y,0,1,0
11863,Y,0,1,0
11864,Y,0,1,0
11865,Y,0,1,0
11866,Y,0,1,0
11867,Y,0,1,0
11868,Y,0,6,0
11869,Y,0,6,0
11870,Y,0,1,0
11871,Y,0,1,0
11872,Y,0,1,0
11873,Y,0,6,0
11874,Y,0,1,0
11875,Y,0,1,0
11876,Y,0,1,0
11877,Y,0,1,0
11878,Y,0,6,0
11879,Y,0,1,0
11880,Y,0,1,0
11881,Y,0,1,0
11882,Y,0,8,0
11883,Y,0,8,0
11884,Y,0,8,0
11885,Y,0,8,0
11886,Y,0,6,0
11887,Y,0,1,0
11888,Y,0,1,0
11889,Y,0,1,0
11890,Y,0,8,0
11891,Y,0,8,0
11892,Y,0,8,0
11893,Y,0,8,0
11894,Y,0,8,0
11895,Y,0,8,0
11896,Y,0,8,0
11897,Y,0,1,0
11898,Y,0,8,0
11899,Y,0,8,0
11900,Y,0,8,0
11901,Y,0,8,0
11902,Y,0,8,0
11903,Y,0,8,0
11904,Y,0,8,0
11905,Y,0,1,0
11906,Y,0,1,0
11907,Y,0,1,0
11908,Y,0,1,0
11909,Y,0,8,0
11910,Y,0,8,0
11911,Y,0,8,0
11912,Y,0,8,0
11913,Y,0,8,0
11914,Y,0,8,0
11915,Y,0,8,0
11916,Y,0,8,0
11917,Y,0,8,0
11918,Y,0,1,0
11919,Y,0,1,0
11920,Y,0,1,0
11921,Y,0,1,0
11922,Y,0,1,0
11923,Y,0,8,0
11924,Y,0,8,0
11925,Y,0,8,0
11926,Y,0,8,0
11927,Y,0,8,0
11928,Y,0,8,0
11929,Y,0,8,0
11930,Y,0,8,0
11931,Y,0,8,0
11932,Y,0,1,0
11933,Y,0,1,0
11934,Y,0,1,0
11935,Y,0,1,0
11936,Y,0,8,0
11937,Y,0,8,0
11938,Y,0,8,0
11939,Y,0,8,0
11940,Y,0,8,0
11941,Y,0,8,0
11942,Y,0,8,0
11943,Y,0,8,0
11944,Y,0,8,0
11945,Y,0,8,0
11946,Y,0,1,0
11947,Y,0,1,0
11948,Y,0,1,0
11949,Y,0,1,0
11950,Y,0,1,0
11951,Y,0,8,0
11952,Y,0,8,0
11953,Y,0,8,0
11954,Y,0,8,0
11955,Y,0,8,0
11956,Y,0,8,0
11957,Y,0,8,0
11958,Y,0,8,0
11959,Y,0,8,0
11960,Y,0,8,0
11961,Y,0,1,0
11962,Y,0,1,0
11963,Y,0,1,0
11964,Y,0,1,0
11965,Y,0,8,0
11966,Y,0,8,0
11967,Y,0,8,0
11968,Y,0,8,0
11969,Y,0,8,0
11970,Y,0,8,0
11971,Y,0,8,0
11972,Y,0,8,0
11973,Y,0,8,0
11974,Y,0,8,0
11975,Y,0,1,0
11976,Y,0,1,0
11977,Y,0,1,0
11978,Y,0,1,0
11979,Y,0,8,0
11980,Y,0,8,0
11981,Y,0,8,0
11982,Y,0,8,0
11983,Y,0,8,0
11984,Y,0,8,0
11985,Y,0,8,0
11986,Y,0,8,0
11987,Y,0,8,0
11988,Y,0,8,0
12047,Y,0,3,4
12048,Y,0,3,0
12049,Y,0,1,0
12050,Y,0,1,0
12051,Y,0,7,9
12052,Y,0,3,0
12053,Y,0,3,0
12054,Y,0,1,0
12055,Y,0,1,0
12056,Y,0,7,0
12057,Y,0,3,0
12058,Y,0,1,0
12059,Y,0,1,0
12060,Y,0,7,0
12061,Y,0,3,0
12062,Y,0,1,0
12063,Y,0,1,0
12064,Y,0,7,0
12065,Y,0,1,0
12066,Y,0,1,0
12067,Y,0,7,0
12068,Y,0,8,0
12069,Y,0,1,0
12070,Y,0,1,0
12071,Y,0,7,0
12072,Y,0,8,0
12073,Y,0,1,0
12074,Y,0,1,0
12075,Y,0,7,0
12076,Y,0,8,0
12077,Y,0,8,0
12078,Y,0,8,0
12079,Y,0,1,0
12080,Y,0,1,0
12081,Y,0,7,0
12082,Y,0,8,0
12083,Y,0,8,0
12084,Y,0,1,0
12085,Y,0,1,0
12086,Y,0,7,0
12087,Y,0,8,0
12088,Y,0,8,0
12089,Y,0,8,0
12090,Y,0,1,0
12091,Y,0,1,0
12092,Y,0,7,0
12093,Y,0,8,0
12094,Y,0,8,0
12095,Y,0,1,0
12096,Y,0,1,0
12097,Y,0,7,0
12098,Y,0,8,0
12099,Y,0,8,0
12100,Y,0,8,0
12101,Y,0,1,0
12102,Y,0,1,0
12103,Y,0,7,0
12104,Y,0,8,0
12105,Y,0,8,0
12106,Y,0,1,0
12107,Y,0,1,0
12108,Y,0,7,0
12109,Y,0,8,0
12110,Y,0,8,0
12111,Y,0,8,0
12112,Y,0,1,0
12113,Y,0,1,0
12114,Y,0,7,0
12115,Y,0,8,0
12116,Y,0,8,0
12117,Y,0,1,0
12118,Y,0,7,0
12119,Y,0,8,0
12120,Y,0,8,0
12121,Y,0,7,0
12122,Y,0,8,0
12123,Y,0,8,0
12124,Y,0,3,0
12125,Y,0,1,0
12126,Y,0,1,0
12127,Y,0,1,0
12128,Y,0,1,0
12129,Y,0,7,0
12130,Y,0,3,0
12131,Y,0,1,0
12132,Y,0,1,0
12133,Y,0,1,0
12134,Y,0,1,0
12135,Y,0,7,0
12136,Y,0,3,0
12137,Y,0,1,0
12138,Y,0,1,0
12139,Y,0,1,0
12140,Y,0,7,0
12141,Y,0,3,0
12142,Y,0,1,0
12143,Y,0,1,0
12144,Y,0,1,0
12145,Y,0,7,0
12146,Y,0,1,0
12147,Y,0,1,0
12148,Y,0,1,0
12149,Y,0,7,0
12150,Y,0,8,0
12151,Y,0,8,0
12152,Y,0,8,0
12153,Y,0,1,0
12154,Y,0,1,0
12155,Y,0,1,0
12156,Y,0,7,0
12157,Y,0,8,0
12158,Y,0,8,0
12159,Y,0,8,0
12160,Y,0,1,0
12161,Y,0,1,0
12162,Y,0,7,0
12163,Y,0,8,0
12164,Y,0,8,0
12165,Y,0,8,0
12166,Y,0,8,0
12167,Y,0,8,0
12168,Y,0,8,0
12169,Y,0,8,0
12170,Y,0,8,0
12171,Y,0,8,0
12172,Y,0,1,0
12173,Y,0,1,0
12174,Y,0,7,0
12175,Y,0,8,0
12176,Y,0,8,0
12177,Y,0,8,0
12178,Y,0,8,0
12179,Y,0,8,0
12180,Y,0,8,0
12181,Y,0,7,0
12182,Y,0,8,0
12183,Y,0,8,0
12184,Y,0,8,0
12185,Y,0,8,0
12186,Y,0,8,0
12187,Y,0,8,0
12188,Y,0,8,0
12189,Y,0,8,0
12190,Y,0,8,0
12191,Y,0,7,0
12192,Y,0,8,0
12193,Y,0,8,0
12194,Y,0,8,0
12195,Y,0,8,0
12196,Y,0,8,0
12197,Y,0,8,0
12198,Y,0,7,0
12199,Y,0,8,0
12200,Y,0,8,0
12201,Y,0,8,0
12202,Y,0,8,0
12203,Y,0,8,0
12204,Y,0,8,0
12205,Y,0,8,0
12206,Y,0,8,0
12207,Y,0,8,0
12208,Y,0,7,0
12209,Y,0,8,0
12210,Y,0,8,0
12211,Y,0,8,0
12212,Y,0,8,0
12213,Y,0,8,0
12214,Y,0,8,0
12215,Y,0,1,0
12216,Y,0,1,0
12217,Y,0,7,0
12218,Y,0,8,0
12219,Y,0,8,0
12220,Y,0,8,0
12221,Y,0,8,0
12222,Y,0,8,0
12223,Y,0,8,0
12224,Y,0,8,0
12225,Y,0,1,0
12226,Y,0,1,0
12227,Y,0,7,0
12228,Y,0,8,0
12229,Y,0,8,0
12230,Y,0,8,0
12231,Y,0,8,0
12232,Y,0,1,0
12233,Y,0,1,0
12234,Y,0,7,0
12235,Y,0,8,0
12236,Y,0,8,0
12237,Y,0,7,0
12238,Y,0,8,0
12239,Y,0,8,0
12240,Y,0,7,0
12241,Y,0,7,0
12242,Y,0,7,0
12243,Y,0,7,0
12244,Y,0,7,0
12245,Y,0,7,0
12246,Y,0,7,0
12247,Y,0,7,0
12248,Y,0,7,0
12249,Y,0,7,0
12250,Y,0,7,0
12251,Y,0,7,0
12252,Y,0,7,0
12253,Y,0,7,0
12254,Y,0,7,0
12255,Y,0,7,0
12256,Y,0,7,0
12257,Y,0,7,0
12258,Y,0,7,0
12259,Y,0,7,0
12260,Y,0,7,0
12261,Y,0,7,0
12262,Y,0,7,0
12263,Y,0,7,0
12264,Y,0,7,0
12265,Y,0,7,0
12266,Y,0,7,0
12267,Y,0,7,0
12268,Y,0,7,0
12269,Y,0,7,0
12270,Y,0,7,0
12271,Y,0,7,0
12273,Y,0,3,0
12274,Y,0,3,0
12275,Y,0,3,0
12276,Y,0,3,0
12277,Y,0,6,0
12278,Y,0,6,0
12279,Y,0,6,0
12280,Y,0,6,0
12281,Y,0,6,0
12282,Y,0,1,0
12283,Y,0,3,0
12284,Y,0,6,0
12285,Y,0,6,0
12286,Y,0,6,0
12287,Y,0,6,0
12288,Y,0,6,0
12289,Y,0,1,0
12290,Y,0,6,0
12291,Y,0,6,0
12292,Y,0,6,0
12293,Y,0,6,0
12294,Y,0,6,0
12295,Y,0,6,0
12296,Y,0,6,0
12297,Y,0,6,0
12298,Y,0,1,0
12299,Y,0,1,0
12300,Y,0,1,0
12301,Y,0,3,0
12302,Y,0,6,0
12303,Y,0,6,0
12304,Y,0,6,0
12305,Y,0,6,0
12306,Y,0,6,0
12307,Y,0,6,0
12308,Y,0,6,0
12309,Y,0,3,0
12310,Y,0,6,0
12311,Y,0,6,0
12312,Y,0,6,0
12313,Y,0,6,0
12314,Y,0,6,0
12315,Y,0,6,0
12316,Y,0,6,0
12317,Y,0,6,0
12318,Y,0,6,0
12319,Y,0,1,0
12320,Y,0,3,0
12321,Y,0,6,0
12322,Y,0,6,0
12323,Y,0,3,0
12324,Y,0,6,0
12325,Y,0,1,0
12326,Y,0,3,0
12327,Y,0,6,0
12328,Y,0,6,0
12329,Y,0,6,0
12330,Y,0,5,0
12331,Y,0,1,0
12332,Y,0,1,0
12333,Y,0,1,0
12334,Y,0,1,0
12335,Y,0,1,0
12336,Y,0,3,0
12337,Y,0,3,0
12338,Y,0,3,0
12339,Y,0,3,0
12340,Y,0,3,0
12341,Y,0,6,0
12342,Y,0,1,0
12343,Y,0,7,0
12344,Y,0,3,0
